CREATE DATABASE  IF NOT EXISTS `hdm` /*!40100 DEFAULT CHARACTER SET utf8 */;
USE `hdm`;
-- MySQL dump 10.13  Distrib 5.7.17, for Win64 (x86_64)
--
-- Host: localhost    Database: hdm
-- ------------------------------------------------------
-- Server version	5.7.22-log

/*!40101 SET @OLD_CHARACTER_SET_CLIENT=@@CHARACTER_SET_CLIENT */;
/*!40101 SET @OLD_CHARACTER_SET_RESULTS=@@CHARACTER_SET_RESULTS */;
/*!40101 SET @OLD_COLLATION_CONNECTION=@@COLLATION_CONNECTION */;
/*!40101 SET NAMES utf8 */;
/*!40103 SET @OLD_TIME_ZONE=@@TIME_ZONE */;
/*!40103 SET TIME_ZONE='+00:00' */;
/*!40014 SET @OLD_UNIQUE_CHECKS=@@UNIQUE_CHECKS, UNIQUE_CHECKS=0 */;
/*!40014 SET @OLD_FOREIGN_KEY_CHECKS=@@FOREIGN_KEY_CHECKS, FOREIGN_KEY_CHECKS=0 */;
/*!40101 SET @OLD_SQL_MODE=@@SQL_MODE, SQL_MODE='NO_AUTO_VALUE_ON_ZERO' */;
/*!40111 SET @OLD_SQL_NOTES=@@SQL_NOTES, SQL_NOTES=0 */;

--
-- Table structure for table `access`
--

DROP TABLE IF EXISTS `access`;
/*!40101 SET @saved_cs_client     = @@character_set_client */;
/*!40101 SET character_set_client = utf8 */;
CREATE TABLE `access` (
  `id` bigint(20) NOT NULL AUTO_INCREMENT,
  `code` varchar(255) DEFAULT NULL,
  `description` varchar(255) DEFAULT NULL,
  `icon` varchar(255) DEFAULT NULL,
  `parent` int(11) DEFAULT NULL,
  `active` bit(1) DEFAULT NULL,
  PRIMARY KEY (`id`)
) ENGINE=InnoDB AUTO_INCREMENT=23 DEFAULT CHARSET=utf8;
/*!40101 SET character_set_client = @saved_cs_client */;

--
-- Dumping data for table `access`
--

LOCK TABLES `access` WRITE;
/*!40000 ALTER TABLE `access` DISABLE KEYS */;
INSERT INTO `access` VALUES (1,'administration','Administración','settings',NULL,NULL),(2,'users','Gestion de Usuarios','account_circle',1,NULL),(3,'roles','Gestión de Roles','supervisor_account',1,NULL),(4,'logs','Gestion de Logs','announcement',1,NULL),(5,'access','Control de Permisos','assignment',1,NULL),(6,'licence','Gestion de Licencias','security',1,NULL),(7,'reload','Arranque & Parada','repeat',1,NULL),(8,'configuration','Configuración del Sistema','settings',1,NULL),(9,'inventory','Gestion Inventario','view_list',NULL,NULL),(10,'manufacturer','Fabricantes','business',9,NULL),(11,'model','Modelos','devices',9,NULL),(12,'protocol','Administracion Protocolos','settings',9,NULL),(13,'provisioning','Provisionamiento','lock',NULL,NULL),(14,'tr069','Funcionalidades TR069',NULL,13,NULL),(15,'xmpp','Funcionalidades XMPP',NULL,13,NULL),(16,'programming','Programación Periódica','schedule',NULL,NULL),(17,'view_prog','Programaciones Existentes','today',16,NULL),(18,'send_periodic','Conf. Envio Periodico','send',16,NULL),(19,'firmware','Gestion Firmware','storage',NULL,NULL),(20,'view_files','Vista de ficheros ','folder',19,NULL),(21,'change_firmware','Cambio Firmware','file_upload',19,NULL),(22,'reports','Reportes','report',NULL,NULL);
/*!40000 ALTER TABLE `access` ENABLE KEYS */;
UNLOCK TABLES;

--
-- Table structure for table `access_role`
--

DROP TABLE IF EXISTS `access_role`;
/*!40101 SET @saved_cs_client     = @@character_set_client */;
/*!40101 SET character_set_client = utf8 */;
CREATE TABLE `access_role` (
  `id_access` bigint(20) NOT NULL,
  `id_role` bigint(20) NOT NULL,
  PRIMARY KEY (`id_access`,`id_role`),
  KEY `FK467ln2vbiuhti87mqxib8m267` (`id_role`),
  CONSTRAINT `FK2jkbckop60b77fym3eaumfsgv` FOREIGN KEY (`id_access`) REFERENCES `access` (`id`),
  CONSTRAINT `FK467ln2vbiuhti87mqxib8m267` FOREIGN KEY (`id_role`) REFERENCES `role` (`id`)
) ENGINE=InnoDB DEFAULT CHARSET=utf8;
/*!40101 SET character_set_client = @saved_cs_client */;

--
-- Dumping data for table `access_role`
--

LOCK TABLES `access_role` WRITE;
/*!40000 ALTER TABLE `access_role` DISABLE KEYS */;
INSERT INTO `access_role` VALUES (1,1),(2,1),(3,1),(4,1),(5,1),(6,1),(7,1),(8,1),(9,1),(10,1),(11,1),(12,1),(13,1),(14,1),(15,1),(16,1),(17,1),(18,1),(19,1),(20,1),(21,1),(22,1),(1,9),(2,9),(3,9),(4,9),(5,9),(6,9),(7,9),(8,9),(22,9);
/*!40000 ALTER TABLE `access_role` ENABLE KEYS */;
UNLOCK TABLES;

--
-- Table structure for table `category`
--

DROP TABLE IF EXISTS `category`;
/*!40101 SET @saved_cs_client     = @@character_set_client */;
/*!40101 SET character_set_client = utf8 */;
CREATE TABLE `category` (
  `id` bigint(20) NOT NULL AUTO_INCREMENT,
  `icon` varchar(256) NOT NULL,
  `name` varchar(256) NOT NULL,
  `show_server` bit(1) NOT NULL,
  PRIMARY KEY (`id`)
) ENGINE=InnoDB AUTO_INCREMENT=9 DEFAULT CHARSET=utf8;
/*!40101 SET character_set_client = @saved_cs_client */;

--
-- Dumping data for table `category`
--

LOCK TABLES `category` WRITE;
/*!40000 ALTER TABLE `category` DISABLE KEYS */;
INSERT INTO `category` VALUES (1,'settings','schaman',''),(2,'security','licence',''),(3,'bug_report','troubleshoot',''),(4,'compare_arrows','acs',''),(5,'phone_iphone','oneclick',''),(6,'dehaze','cleaning_database',''),(7,'report','log','\0'),(8,'search','revisar','\0');
/*!40000 ALTER TABLE `category` ENABLE KEYS */;
UNLOCK TABLES;

--
-- Table structure for table `configuration`
--

DROP TABLE IF EXISTS `configuration`;
/*!40101 SET @saved_cs_client     = @@character_set_client */;
/*!40101 SET character_set_client = utf8 */;
CREATE TABLE `configuration` (
  `id` bigint(20) NOT NULL AUTO_INCREMENT,
  `data_key` varchar(64) NOT NULL,
  `data_value` varchar(256) NOT NULL,
  `fieldtype` varchar(10) DEFAULT NULL,
  `fieldvalues` varchar(756) DEFAULT NULL,
  `ttcreation` datetime NOT NULL,
  `ttmodification` datetime NOT NULL,
  `id_category` bigint(20) DEFAULT NULL,
  PRIMARY KEY (`id`),
  KEY `FKkcy25wstfaa8uvi6pb1jqh5ej` (`id_category`),
  CONSTRAINT `FKkcy25wstfaa8uvi6pb1jqh5ej` FOREIGN KEY (`id_category`) REFERENCES `category` (`id`)
) ENGINE=InnoDB AUTO_INCREMENT=142 DEFAULT CHARSET=utf8;
/*!40101 SET character_set_client = @saved_cs_client */;

--
-- Dumping data for table `configuration`
--

LOCK TABLES `configuration` WRITE;
/*!40000 ALTER TABLE `configuration` DISABLE KEYS */;
INSERT INTO `configuration` VALUES (1,'autoStart','true','boolean','','2018-05-02 18:24:23','2018-05-02 18:24:23',1),(2,'icmpType','java','list','icmp','2018-05-02 18:24:23','2018-05-02 18:24:23',1),(3,'language','es_ES','list','language','2018-05-02 18:24:23','2018-05-02 18:24:23',1),(4,'license','50685968337-96B72313230-65657773563-77570386467-4A526459593-66958566746-6D4F63464D5-950354C733D','text','','2018-05-02 18:24:23','2018-05-02 18:24:23',2),(5,'troubleshootActive','false','boolean','','2018-05-02 18:24:23','2018-05-02 18:24:23',3),(6,'progressTMax','150','text','','2018-05-02 18:24:24','2018-05-02 18:24:24',3),(7,'progressTExp','40','text','','2018-05-02 18:24:24','2018-05-02 18:24:24',3),(8,'progressExp','80','text','','2018-05-02 18:24:24','2018-05-02 18:24:24',3),(9,'progressTEnd','0','text','','2018-05-02 18:24:24','2018-05-02 18:24:24',3),(15,'ockActive','false','boolean','','2018-05-02 18:24:24','2018-05-02 18:24:24',5),(16,'ockSessionTimeout','900000','list','60000:1 minuto;120000:2 minutos;300000:5 minutos;600000:10 minutos;900000:15 minutos;1200000:20 minutos;1800000:30 minutos','2018-05-02 18:24:24','2018-05-02 18:24:24',5),(18,'ockBotoneraIconsURL','http://localhost:8080/Schaman-nbi/rest/OCFileWs/buttonbar','text','','2018-05-02 18:24:24','2018-05-02 18:24:24',5),(19,'ockAndroidApiKey','','text','','2018-05-02 18:24:24','2018-05-02 18:24:24',5),(20,'ockIOSApiKey','','text','','2018-05-02 18:24:24','2018-05-02 18:24:24',5),(21,'ockLinkedNotifTTL','120','text','','2018-05-02 18:24:24','2018-05-02 18:24:24',5),(22,'ockLinkedTimeout','60','number','','2018-05-02 18:24:24','2018-05-02 18:24:24',5),(23,'databaseCleanerActive','false','boolean','','2018-05-02 18:24:24','2018-05-02 18:24:24',6),(24,'databaseCleanerTime','0','time','','2018-05-02 18:24:24','2018-05-02 18:24:24',6),(25,'databaseCleanerThreshold','30','list','1:1 Día;2:2 Días;5:5 Días;7:7 Días;10:10 Días;15:15 Días;20:20 Días;30:30 Días;40:40 Días;61:2 Meses;91:3 Meses;183:6 Meses;365:1 Año;731:2 Años','2018-05-02 18:24:24','2018-05-02 18:24:24',6),(26,'databaseCleanerCliTime','0','time','','2018-05-02 18:24:24','2018-05-02 18:24:24',6),(27,'databaseCleanerCliThreshold','365','list','1:1 Día;2:2 Días;5:5 Días;7:7 Días;10:10 Días;15:15 Días;20:20 Días;30:30 Días;40:40 Días;61:2 Meses;91:3 Meses;183:6 Meses;365:1 Año;731:2 Años','2018-05-02 18:24:24','2018-05-02 18:24:24',6),(28,'databaseCleanerWrnTime','0','time','','2018-05-02 18:24:24','2018-05-02 18:24:24',6),(29,'logFile','/var/log/schaman/schaman.log','text','','2018-05-02 18:24:24','2018-05-02 18:24:24',7),(30,'ockLoginTimeout','10','text','','2018-05-02 18:24:24','2018-05-02 18:24:24',8),(31,'ockBotoneraURL','http://localhost:8080/Schaman-nbi/rest/OCButtonBarWs','text','','2018-05-02 18:24:24','2018-05-02 18:24:24',8),(32,'ockBotoneraDown','always','list','wifi','2018-05-02 18:24:24','2018-05-02 18:24:24',8),(33,'ockTutorialesVer','1','number','','2018-05-02 18:24:24','2018-05-02 18:24:24',8),(34,'ockTutorialesURL','http://localhost:8080/Schaman-nbi/rest/OCFileWs/tutorials/1/tutorials.zip','text','','2018-05-02 18:24:24','2018-05-02 18:24:24',8),(35,'ockTutorialesDown','always','list','wifi','2018-05-02 18:24:24','2018-05-02 18:24:24',8),(36,'ockXmlApnsVer','1','number','','2018-05-02 18:24:24','2018-05-02 18:24:24',8),(37,'ockXmlApnsURL','hhttp://localhost:8080/Schaman-nbi/rest/OCFileWs/apns/1/apns.xml','text','','2018-05-02 18:24:24','2018-05-02 18:24:24',8),(38,'ockXmlApnsDown','always','list','wifi','2018-05-02 18:24:24','2018-05-02 18:24:24',8),(39,'ockXmlMasterVer','1','number','','2018-05-02 18:24:24','2018-05-02 18:24:24',8),(40,'ockXmlMasterURL','http://localhost:8080/Schaman-nbi/rest/OCFileWs/master/1/master.xml','text','','2018-05-02 18:24:24','2018-05-02 18:24:24',8),(41,'ockXmlMasterDown','always','list','wifi','2018-05-02 18:24:24','2018-05-02 18:24:24',8),(42,'ockXmlDeviceVer','1','number','','2018-05-02 18:24:24','2018-05-02 18:24:24',8),(43,'ockXmlDeviceURL','http://localhost:8080/Schaman-nbi/rest/OCFileWs/device/1/device.xml','text','','2018-05-02 18:24:24','2018-05-02 18:24:24',8),(44,'ockXmlDeviceDown','always','list','wifi','2018-05-02 18:24:24','2018-05-02 18:24:24',8),(45,'ockOoklaServersVer','1','number','','2018-05-02 18:24:24','2018-05-02 18:24:24',8),(46,'ockOoklaServersURL','http://localhost:8080/Schaman-nbi/rest/OCFileWs/ookla/1/servers.xml','text','','2018-05-02 18:24:24','2018-05-02 18:24:24',8),(47,'ockOoklaServersDown','always','list','wifi','2018-05-02 18:24:24','2018-05-02 18:24:24',8),(48,'ockSamsungKey','','text','','2018-05-02 18:24:24','2018-05-02 18:24:24',8),(118,'acsProvActive','true','boolean','','2018-05-02 18:24:24','2018-05-02 18:24:24',4),(119,'acsURL','http://192.168.30.17:8080/acs','text','','2018-05-02 18:24:24','2018-05-02 18:24:24',4),(120,'acsPassword','L1WBXBdc5VrBu4ZhVOKIbQ==','secret','','2018-05-02 18:24:24','2018-05-02 18:24:24',4),(121,'acsInformInterval','28800','text','','2018-05-02 18:24:24','2018-05-02 18:24:24',4),(122,'acsProvCode','schaman','text','','2018-05-02 18:24:24','2018-05-02 18:24:24',4),(123,'xmppServerIp','192.168.30.18','text','','2018-05-02 18:24:24','2018-05-02 18:24:24',4),(124,'xmppServerPort','5222','number','','2018-05-02 18:24:24','2018-05-02 18:24:24',4),(125,'xmppServerDomain','xmpp.cl.bluu.es','text','','2018-05-02 18:24:24','2018-05-02 18:24:24',4),(126,'ockPassword','UBdR3wJZ9/0NcMO9GA4fhA==','secret','','2018-05-02 18:24:24','2018-05-02 18:24:24',5),(137,'xmppUser','acs','text','','2018-05-02 18:24:24','2018-05-02 18:24:24',4),(138,'xmppPassword','KCD/P7AGdrMA13AUHa3/lQ==','text','','2018-05-02 18:24:24','2018-05-02 18:24:24',4),(139,'xmppResource','acs','text','','2018-05-02 18:24:24','2018-05-02 18:24:24',4),(140,'xmppAdminUser','admin','text','','2018-05-02 18:24:24','2018-05-02 18:24:24',4),(141,'xmppAdminPassword','L1WBXBdc5VrBu4ZhVOKIbQ==','text','','2018-05-02 18:24:24','2018-05-02 18:24:24',4);
/*!40000 ALTER TABLE `configuration` ENABLE KEYS */;
UNLOCK TABLES;

--
-- Table structure for table `device`
--

DROP TABLE IF EXISTS `device`;
/*!40101 SET @saved_cs_client     = @@character_set_client */;
/*!40101 SET character_set_client = utf8 */;
CREATE TABLE `device` (
  `id` bigint(20) NOT NULL AUTO_INCREMENT,
  `creation_date` datetime DEFAULT NULL,
  `id_device` varchar(255) DEFAULT NULL,
  `ip_device` varchar(255) DEFAULT NULL,
  `mac_device` varchar(255) DEFAULT NULL,
  `name_device` varchar(255) DEFAULT NULL,
  `serial_device` varchar(255) DEFAULT NULL,
  `update_date` datetime DEFAULT NULL,
  `id_model` bigint(20) DEFAULT NULL,
  `status_device` bigint(20) DEFAULT NULL,
  PRIMARY KEY (`id`),
  KEY `FK9xqouio792croapiv0dls4vbv` (`id_model`),
  KEY `FKqrfiu7vy42uu1pypqw6tu6k59` (`status_device`),
  CONSTRAINT `FK9xqouio792croapiv0dls4vbv` FOREIGN KEY (`id_model`) REFERENCES `model` (`id`),
  CONSTRAINT `FKqrfiu7vy42uu1pypqw6tu6k59` FOREIGN KEY (`status_device`) REFERENCES `status_devices` (`id`)
) ENGINE=InnoDB DEFAULT CHARSET=utf8;
/*!40101 SET character_set_client = @saved_cs_client */;

--
-- Dumping data for table `device`
--

LOCK TABLES `device` WRITE;
/*!40000 ALTER TABLE `device` DISABLE KEYS */;
/*!40000 ALTER TABLE `device` ENABLE KEYS */;
UNLOCK TABLES;

--
-- Table structure for table `event`
--

DROP TABLE IF EXISTS `event`;
/*!40101 SET @saved_cs_client     = @@character_set_client */;
/*!40101 SET character_set_client = utf8 */;
CREATE TABLE `event` (
  `id` bigint(20) NOT NULL AUTO_INCREMENT,
  `event_calse` varchar(255) DEFAULT NULL,
  `event_date` varchar(255) DEFAULT NULL,
  `gravity` varchar(255) DEFAULT NULL,
  `message` varchar(255) DEFAULT NULL,
  PRIMARY KEY (`id`)
) ENGINE=InnoDB DEFAULT CHARSET=utf8;
/*!40101 SET character_set_client = @saved_cs_client */;

--
-- Dumping data for table `event`
--

LOCK TABLES `event` WRITE;
/*!40000 ALTER TABLE `event` DISABLE KEYS */;
/*!40000 ALTER TABLE `event` ENABLE KEYS */;
UNLOCK TABLES;

--
-- Table structure for table `firmware`
--

DROP TABLE IF EXISTS `firmware`;
/*!40101 SET @saved_cs_client     = @@character_set_client */;
/*!40101 SET character_set_client = utf8 */;
CREATE TABLE `firmware` (
  `id` bigint(20) NOT NULL AUTO_INCREMENT,
  `name` varchar(255) DEFAULT NULL,
  `update_date` datetime DEFAULT NULL,
  `url_ftp` varchar(500) DEFAULT NULL,
  `id_model` bigint(20) DEFAULT NULL,
  PRIMARY KEY (`id`),
  KEY `FKv1vbmbvfv6sgv5rm4yssex3h` (`id_model`),
  CONSTRAINT `FKv1vbmbvfv6sgv5rm4yssex3h` FOREIGN KEY (`id_model`) REFERENCES `model` (`id`)
) ENGINE=InnoDB DEFAULT CHARSET=utf8;
/*!40101 SET character_set_client = @saved_cs_client */;

--
-- Dumping data for table `firmware`
--

LOCK TABLES `firmware` WRITE;
/*!40000 ALTER TABLE `firmware` DISABLE KEYS */;
/*!40000 ALTER TABLE `firmware` ENABLE KEYS */;
UNLOCK TABLES;

--
-- Table structure for table `license`
--

DROP TABLE IF EXISTS `license`;
/*!40101 SET @saved_cs_client     = @@character_set_client */;
/*!40101 SET character_set_client = utf8 */;
CREATE TABLE `license` (
  `code` varchar(255) NOT NULL,
  `asociated_ip` varchar(255) DEFAULT NULL,
  `expiration_date` datetime DEFAULT NULL,
  `version` varchar(255) DEFAULT NULL,
  `id` bigint(20) NOT NULL,
  `app` varchar(255) NOT NULL,
  `blocked` bit(1) NOT NULL,
  PRIMARY KEY (`code`)
) ENGINE=InnoDB DEFAULT CHARSET=utf8;
/*!40101 SET character_set_client = @saved_cs_client */;

--
-- Dumping data for table `license`
--

LOCK TABLES `license` WRITE;
/*!40000 ALTER TABLE `license` DISABLE KEYS */;
/*!40000 ALTER TABLE `license` ENABLE KEYS */;
UNLOCK TABLES;

--
-- Table structure for table `manufacturer`
--

DROP TABLE IF EXISTS `manufacturer`;
/*!40101 SET @saved_cs_client     = @@character_set_client */;
/*!40101 SET character_set_client = utf8 */;
CREATE TABLE `manufacturer` (
  `id` bigint(20) NOT NULL AUTO_INCREMENT,
  `name` varchar(255) DEFAULT NULL,
  PRIMARY KEY (`id`)
) ENGINE=InnoDB DEFAULT CHARSET=utf8;
/*!40101 SET character_set_client = @saved_cs_client */;

--
-- Dumping data for table `manufacturer`
--

LOCK TABLES `manufacturer` WRITE;
/*!40000 ALTER TABLE `manufacturer` DISABLE KEYS */;
/*!40000 ALTER TABLE `manufacturer` ENABLE KEYS */;
UNLOCK TABLES;

--
-- Table structure for table `message`
--

DROP TABLE IF EXISTS `message`;
/*!40101 SET @saved_cs_client     = @@character_set_client */;
/*!40101 SET character_set_client = utf8 */;
CREATE TABLE `message` (
  `id` bigint(20) NOT NULL AUTO_INCREMENT,
  `code` varchar(600) DEFAULT NULL,
  `description` varchar(600) DEFAULT NULL,
  `locale` varchar(255) DEFAULT NULL,
  PRIMARY KEY (`id`)
) ENGINE=InnoDB AUTO_INCREMENT=2204 DEFAULT CHARSET=utf8;
/*!40101 SET character_set_client = @saved_cs_client */;

--
-- Dumping data for table `message`
--

LOCK TABLES `message` WRITE;
/*!40000 ALTER TABLE `message` DISABLE KEYS */;
INSERT INTO `message` VALUES (1,'login_user','Usuario','es'),(2,'login_passwd','Contraseña','es'),(3,'profile_menu','Perfil','es'),(4,'profile_title','Perfil del usuario logado','es'),(5,'users_title','Gestión de Usuarios','es'),(6,'users_title_search','Búsqueda de usuarios','es'),(7,'users_title_detail','Detalle de usuario','es'),(8,'users_title_edit','Edición de usuario','es'),(9,'users_title_add','Alta de usuario','es'),(10,'users_filter_username','Usuario','es'),(11,'users_filter_role','Rol','es'),(12,'users_username','Usuario','es'),(13,'users_passwd','Contraseña','es'),(14,'users_passwdconf','Repita contraseña','es'),(15,'users_passwd_weak','Débil','es'),(16,'users_passwd_good','Buena','es'),(17,'users_passwd_strong','Excelente','es'),(18,'users_role','Rol','es'),(19,'users_role_sadmin','Superadministrador','es'),(20,'users_ttLastLogin','Último login','es'),(21,'users_table_title','Listado de usuarios','es'),(22,'users_table_username','Usuario','es'),(23,'users_table_role','Rol','es'),(24,'users_table_ttLastLogin','Último login','es'),(25,'roles_title','Gestión de roles','es'),(26,'roles_administration','Administración de permisos','es'),(27,'roles_minroles','roles','es'),(28,'roles_creation_startingrole','Rol de partida','es'),(29,'roles_homepage','Página de inicio','es'),(30,'roles_delete_deleteroles','Eliminar rol/es','es'),(31,'roles_permissions','Permisos','es'),(32,'roles_verticalheaders','Cabeceras verticales','es'),(33,'roles_resetpermissions','Reestablecer permisos','es'),(34,'roles_savepermissions','Guardar permisos','es'),(35,'roles_addrole','Añadir rol','es'),(36,'roles_editrole','Editar rol','es'),(37,'roles_deleteroles','Eliminar roles','es'),(38,'roles_deleteselected','Eliminar seleccionados','es'),(39,'roles_showall','Mostrar todos','es'),(40,'roles_togglepermissions','Expandir/Contraer','es'),(41,'roles_grantwithdraw','Conceder/retirar todos los permisos','es'),(42,'conndev_title','Dispositivos conectados','es'),(43,'conndev_title_indentify','Identificación de dispositivo','es'),(44,'conndev_title_edit','Edición de dispositivo','es'),(45,'conndev_serviceId','Id. de servicio','es'),(46,'conndev_conn_title','{0} CONECTADOS','es'),(47,'conndev_block_title','{0} BLOQUEADOS','es'),(48,'conndev_ident_title','{0} REGISTRADOS','es'),(49,'conndev_withoutid','<Sin Identificar>','es'),(50,'conndev_name','Nombre Equipo:','es'),(51,'conndev_ip','IP:','es'),(52,'conndev_id','ID:','es'),(53,'conndev_ssid','SSID:','es'),(54,'conndev_block','Bloquear','es'),(55,'conndev_unblock','Desbloq.','es'),(56,'conndev_identify','Identificar','es'),(57,'conndev_label','Nombre dispositivo','es'),(58,'conndev_type','Tipo dispositivo','es'),(59,'conndev_type_smartphone','Smartphone','es'),(60,'conndev_type_tablet','Tablet','es'),(61,'conndev_type_tv','Televisión','es'),(62,'conndev_type_desktop','Ordenador de sobremesa','es'),(63,'conndev_type_laptop','Ordenador portátil','es'),(64,'conndev_type_console','Videoconsola','es'),(65,'conndev_type_printer','Impresora','es'),(66,'conndev_type_harddisk','Disco duro','es'),(67,'conndev_type_camera','Cámara de fotos','es'),(68,'conndev_type_video','Cámara de video','es'),(69,'conndev_type_server','Servidor','es'),(70,'conndev_type_unclassified','Sin clasificar','es'),(71,'conndev_type_unknown','Desconocido','es'),(72,'conndev_progress_msg','Obteniendo información...','es'),(73,'conndev_parctl','Control parental','es'),(74,'conndev_parctl_on','Habilitar control parental','es'),(75,'conndev_parctl_on_short','Habilitar CP','es'),(76,'conndev_parctl_off','Deshabilitar control parental','es'),(77,'conndev_parctl_off_short','Deshabilitar CP','es'),(78,'conndev_parctl_deactive','Control parental desactivado','es'),(79,'conndev_parctl_active','Control parental activado','es'),(80,'conndev_conn_usb','USB','es'),(81,'conndev_conn_ethernet','Ethernet','es'),(82,'conndev_conn_wifi','Wifi','es'),(83,'conndev_weekdays','Días de la semana','es'),(84,'conndev_mininit','Hora de inicio','es'),(85,'conndev_minend','Hora de fin','es'),(86,'logviewer_title','Visor de Logs','es'),(87,'logviewer_title_search','Búsqueda de logs','es'),(88,'logviewer_filter_message','Mensaje','es'),(89,'logviewer_filter_severity','Gravedad','es'),(90,'logviewer_filter_lines','Número de líneas','es'),(91,'logviewer_table_title','Últimos mensajes de log','es'),(92,'logviewer_table_severity','Gravedad','es'),(93,'logviewer_table_timestamp','Timestamp','es'),(94,'logviewer_table_class','Clase','es'),(95,'logviewer_table_message','Mensaje','es'),(96,'logviewer_trace_view','Ver traza completa','es'),(97,'logviewer_trace_mp_title','Traza completa del error','es'),(98,'confwifi_title','Configuración wifi','es'),(99,'confwifi_title_share','Enviar contraseña','es'),(100,'confwifi_title_confif','Configurar WiFi','es'),(101,'confwifi_serviceId','Id. de servicio','es'),(102,'confwifi_status_on','La red WiFi de tu modem está encendida.','es'),(103,'confwifi_status_off','La red WiFi de tu modem no está habilitada.','es'),(104,'confwifi_enctype_open','Se ha detectado que la seguridad de tu red está desactivada.','es'),(105,'confwifi_enctype_low','Se ha detectado que la seguridad de tu red es baja.','es'),(106,'confwifi_turnOn','Encender','es'),(107,'confwifi_turnOff','Apagar','es'),(108,'confwifi_share','Enviar','es'),(109,'confwifi_config','Configurar','es'),(110,'confwifi_share_message','Se enviará el siguiente mensaje:','es'),(111,'confwifi_share_ssid','<b>Red WiFi:</b> {0}','es'),(112,'confwifi_share_enctype','<b>Seguridad:</b> {0}','es'),(113,'confwifi_share_enctype_open','Su red WiFi está abierta, no tiene contraseña','es'),(114,'confwifi_share_passwd','<b>Contraseña:</b> {0}','es'),(115,'confwifi_share_mail_ssid','Nombre red WiFi: {0}','es'),(116,'confwifi_share_mail_enctype','Seguridad: {0}','es'),(117,'confwifi_share_mail_enctype_open','Su red WiFi está abierta, no tiene contraseña','es'),(118,'confwifi_share_mail_passwd','Contraseña: {0}','es'),(119,'confwifi_ssid','Nombre red WiFi','es'),(120,'confwifi_enctype','Seguridad','es'),(121,'confwifi_passwd','Contraseña','es'),(122,'confwifi_passwd_open','WiFi Abierta','es'),(123,'confwifi_passwd_noreadable','******','es'),(124,'confwifi_channel','Canal','es'),(125,'confwifi_autochannel_on','Canal automático','es'),(126,'confwifi_progress_msg','Obteniendo información...','es'),(127,'trb_title','Diagnóstico','es'),(128,'trb_trbIdType','Tipo de ID','es'),(129,'trb_trbIdType_clientid','ID de cliente','es'),(130,'trb_trbIdType_workorder','Orden de trabajo','es'),(131,'trb_trbIdType_serviceid','ID de servicio','es'),(132,'trb_trbIdType_devicemac','MAC de dispositivo','es'),(133,'trb_trbIdType_deviceserial','Serial de dispositivo','es'),(134,'trb_diag_infoheader','Información adicional','es'),(135,'trb_diag_actheader','Recomendaciones','es'),(136,'trb_progress_msg','Iniciando diagnóstico...','es'),(137,'trb_session_state','Estado sesión','es'),(138,'trb_session_state_resolved','Resuelto','es'),(139,'trb_session_state_n2','Escalado 2° nivel','es'),(140,'trb_session_state_massive','Avería masiva','es'),(141,'trb_session_close','Cerrar sesión','es'),(142,'trb_closingcode','Código de cierre','es'),(143,'trb_block_blockdev','Bloquear dispositivo','es'),(144,'trb_block_unblockdev','Desbloquear dispositivo','es'),(145,'trball_tab_diag','Diagnóstico','es'),(146,'trball_tab_vtec','Vista técnica','es'),(147,'trball_tab_cwifi','Configuración WiFi','es'),(148,'trball_tab_rdev','Dispositivos conectados','es'),(149,'trball_tab_interf','Optimización WiFi','es'),(150,'trball_tab_hist','Histórico del cliente','es'),(151,'trball_vtect_param_title','Parámetros','es'),(152,'trball_vtect_action_title','Acciones','es'),(153,'trball_tab_currenttrb','Diag Hist','es'),(154,'trball_tab_currentvtec','VTec Hist','es'),(155,'trball_tab_currentrdev','Disp Hist','es'),(156,'trball_tab_currentcwifi','Conf WiFi Hist','es'),(157,'trball_tab_currentinterf','Optim WiFi Hist','es'),(158,'hst_table_type','Tipo','es'),(159,'hst_table_service','Servicio','es'),(160,'hst_table_context','Contexto','es'),(161,'hst_table_contextid','Identificador','es'),(162,'hst_table_tt','Timestamp','es'),(163,'hst_table_detail','Detalle','es'),(164,'hst_trb_ok','OK','es'),(165,'hst_table_icon_type_diag','Diagnóstico','es'),(166,'hst_table_icon_type_cwifi','Configuración WiFi','es'),(167,'hst_table_icon_type_cdev','Dispositivos conectados','es'),(168,'hst_table_icon_type_wifioptimization','Optimización WiFi','es'),(169,'hst_table_icon_type_action','Acción','es'),(170,'hst_table_icon_type_notif','Notificación','es'),(171,'hst_table_icon_type_suggest','Sugerencia','es'),(172,'hst_table_icon_type_survey','Encuesta','es'),(173,'hst_table_icon_type_speedtest','Test de veolocidad','es'),(174,'hst_table_icon_type_hubwifi','Hub Wifi','es'),(175,'hst_table_icon_type_tutorial','Tutorial','es'),(176,'hst_table_icon_type_block','Bloqueo de dispositivo','es'),(177,'hst_table_icon_type_unblock','Desbloqueo de dispositivo','es'),(178,'hst_table_icon_type_addparctrlpol','Añadido control parental','es'),(179,'hst_table_icon_type_dropparctrlpol','Borrado control parental','es'),(180,'hst_table_icon_src_callcenter','Callcenter','es'),(181,'hst_table_icon_src_cert','Certificación','es'),(182,'hst_table_icon_src_smart','Smartphone','es'),(183,'hst_table_icon_src_web','Web','es'),(184,'hst_table_icon_ctx_diag','Diagnóstico','es'),(185,'hst_table_icon_ctx_cwifi','Configuración WiFi','es'),(186,'hst_table_icon_ctx_cdev','Dispositivos conectados','es'),(187,'hst_table_icon_ctx_interf','Optimización WiFi','es'),(188,'interf_rec','Recomendaciones','es'),(189,'interf_rec_fake1_title','Problemas de interferencias 5 GHz','es'),(190,'interf_rec_fake1_msg','Hemos detectado que tienes bastantes interferencias en la red de 5GHz con las redes de tus vecinos. Recomendamos cambiar el canal para solucionar el problema.','es'),(191,'interf_rec_fake2_title','Problemas de cobertura','es'),(192,'interf_rec_fake2_msg','Hemos detecado que el nivel de señal de tu red WiFi es muy baja en alguno de los dispositivos conectados. Para poder solucionar este problema, es necesario la compra de un repetidor de tu señal.','es'),(193,'interf_status','Situación actual','es'),(194,'interf_evol','Evolución canal últimas 24 horas','es'),(195,'interf_dev','Dispositivos conectados','es'),(196,'interf_dev_id','Identificador','es'),(197,'interf_dev_ip','IP','es'),(198,'interf_dev_conn','Conexión','es'),(199,'interf_dev_dev','Dispositivo','es'),(200,'interf_dev_band','Banda','es'),(201,'interf_dev_linkspeed','Linkspeed','es'),(202,'interf_hist','Histórico','es'),(203,'interf_hist_type','Tipo','es'),(204,'interf_hist_service','Servicio','es'),(205,'interf_hist_tt','Timestamp','es'),(206,'interf_hist_detail','Detalle','es'),(207,'trb_linked','Diagnóstico enlazado','es'),(208,'trb_linked_dialog_notif_header','Envío de notificación','es'),(209,'trb_linked_dialog_notif_body','¿Desea envíar la notificación de diagnóstico enlazado al dispositivo <b>{0}</b> modelo <b>{1}</b>?','es'),(210,'trb_linked_dialog_wait_header','Envío de notificación','es'),(211,'trb_linked_dialog_wait_body_1','Se ha enviado una notificación de diagnóstico al terminal asociado al siguiente servicio:','es'),(212,'trb_linked_dialog_wait_body_2','Por favor, indique al cliente que acepte dicha notificación para comenzar el diagnóstico.','es'),(213,'trb_linked_dialog_wait_response','Esperando respuesta...','es'),(214,'trb_linked_dialog_wait_finish','Diagnóstico detectado. Pulse <b>Aceptar</b> para continuar.','es'),(215,'trb_linked_dialog_timeout_header','Envío de notificación','es'),(216,'trb_linked_dialog_timeout_body','Parece que no hay conectividad con el terminal del cliente.<br><br>Por favor, solicite al cliente que acceda a la aplicación SCHAMAN y pulse el icono <b>Diagnóstico</b>.<br><br>Le aparecerá la vista inicial del modo de diagnóstico donde habrá de pulsar el botón verde <b>Comenzar Diagnóstico</b>.<br><br>Una vez completado el diagnóstico en la parte inferior de la pantalla le aparecerá un código que debe indicar al agente de Call Center.<br><br>Pulsando sobre el código podrá visualizarlo de forma más cómoda.','es'),(217,'trb_linked_dialog_trberr_header','Envío de notificación','es'),(218,'trb_linked_dialog_trberr_body','Se ha producido un error en la ejecución del diagnóstico.<br><br>Inténtelo de nuevo pasados unos minutos. Si el error persiste, contacte con su administrador.','es'),(219,'trb_linked_manufacturer','Fabricante:','es'),(220,'trb_linked_model','Modelo:','es'),(221,'trb_linked_system','Sistema:','es'),(222,'trb_linked_enterofflinecode','Introduzca el código offline','es'),(223,'trb_linked_offlinecode','Código offline','es'),(224,'trb_linked_notif_diag_text','Pulsa para ejecutar un diagnóstico asistido en tu teléfono','es'),(225,'trb_linked_notif_action_text','Pulsa para realizar una acción asistida en tu teléfono','es'),(226,'obsrules_title','Gestión de reglas de obsolescencia','es'),(227,'obsrules_title_search','Búsqueda de reglas de obsolescencia','es'),(228,'obsrules_title_detail','Detalle de regla de obsolescencia','es'),(229,'obsrules_title_edit','Edición de regla de obsolescencia','es'),(230,'obsrules_title_add','Alta de regla de obsolescencia','es'),(231,'obsrules_filter_os','Sist Operativo','es'),(232,'obsrules_filter_app','Aplicación','es'),(233,'obsrules_pos','Posición','es'),(234,'obsrules_status','Estado','es'),(235,'obsrules_imsi','SIM IMSI','es'),(236,'obsrules_os','Sist Operativo','es'),(237,'obsrules_osversion','Versión SO','es'),(238,'obsrules_app','Aplicación','es'),(239,'obsrules_appversion','Versión App','es'),(240,'obsrules_manufacturer','Fabricante','es'),(241,'obsrules_model','Modelo','es'),(242,'obsrules_message','Mensaje','es'),(243,'obsrules_disclairmer','(*) Con Igual que... puede usar el comodín * al principio y/o al final del valor','es'),(244,'obsrules_table_title','Listado de reglas de obsolescencia','es'),(245,'obsrules_table_pos','Pos.','es'),(246,'obsrules_table_imsi','IMSI','es'),(247,'obsrules_table_os','SO','es'),(248,'obsrules_table_osversion','Ver SO','es'),(249,'obsrules_table_app','App','es'),(250,'obsrules_table_appversion','Ver App','es'),(251,'obsrules_table_manufacturer','Fabricante','es'),(252,'obsrules_table_model','Modelo','es'),(253,'obsrules_table_state','Estado','es'),(254,'obsrules_table_message','Mensaje','es'),(255,'bbar_menu','Botonera','es'),(256,'bbar_title','Gestión de botonera','es'),(257,'bbar_title_save','Alta de botonera','es'),(258,'bbar_title_add','Alta de nuevo elemento de botonera','es'),(259,'bbar_title_edit','Edición de elemento de botonera','es'),(260,'bbar_title_detail','Detalle de elemento','es'),(261,'bbar_title_sync','Sincronización de botonera','es'),(262,'bbar_version','Versión actual','es'),(263,'bbar_version_inedit','(En proceso de modificación)','es'),(264,'bbar_ttcreation','Fecha','es'),(265,'bbar_enabled','Activo','es'),(266,'bbar_pos','Posición','es'),(267,'bbar_id','Identificador','es'),(268,'bbar_label','Etiqueta','es'),(269,'bbar_parent','Menú','es'),(270,'bbar_type','Tipo','es'),(271,'bbar_login','Login','es'),(272,'bbar_link','Link','es'),(273,'bbar_platforms','Plataformas','es'),(274,'bbar_screens','Pantallas','es'),(275,'bbar_params','Parámetros','es'),(276,'bbar_params_add','Añadir un parámetro','es'),(277,'bbar_params_table_label','Nombre','es'),(278,'bbar_params_table_value','Valor','es'),(279,'bbar_param_new_title','Nuevo parámetro','es'),(280,'bbar_param_edit_title','Edición de parámetro','es'),(281,'bbar_param_name','Nombre','es'),(282,'bbar_param_value','Valor','es'),(283,'bbar_icons','Iconos','es'),(284,'bbar_icons_disclaimer','(Fichero ZIP de 100Kb. máximo)','es'),(285,'bbar_table_title','Items de la botonera','es'),(286,'bbar_table_pos','Posición','es'),(287,'bbar_table_id','Identificador','es'),(288,'bbar_table_enabled','Activo','es'),(289,'bbar_table_label','Etiqueta','es'),(290,'bbar_table_type','Tipo','es'),(291,'bbar_table_menu','Menú','es'),(292,'bbar_table_login','Login','es'),(293,'bbar_table_platforms','Plataformas','es'),(294,'bbar_table_screens','Pantallas','es'),(295,'bbar_preview','Previsualizar','es'),(296,'bbar_preview_json','Ver fichero JSON','es'),(297,'bbar_preview_title','Previsualización botonera','es'),(298,'bbar_sync_url','URL','es'),(299,'client_title','Clientes','es'),(300,'client_title_search','Búsqueda de clientes','es'),(301,'client_title_detail','Detalle de cliente','es'),(302,'client_title_edit','Edición de cliente','es'),(303,'client_title_add','Alta de cliente','es'),(304,'client_filter_client','Cliente','es'),(305,'client_client','Cliente:','es'),(306,'client_passwd','Contraseña:','es'),(307,'client_passwdconf','Repita contraseña:','es'),(308,'client_numser','Servicios:','es'),(309,'client_ttLastlogin','Último login:','es'),(310,'client_ttCreation','Creación:','es'),(311,'client_ttModification','Modificación:','es'),(312,'client_table_title','Listado de clientes','es'),(313,'client_table_client','Cliente','es'),(314,'client_table_numser','Servicios','es'),(315,'client_table_ttLastlogin','Último login','es'),(316,'client_table_ttCreation','Creación','es'),(317,'client_table_ttModification','Modificación','es'),(318,'service_title','Servicios','es'),(319,'service_title_search','Búsqueda de servicios','es'),(320,'service_title_detail','Detalle de servicio','es'),(321,'service_title_edit','Edición de servicio','es'),(322,'service_title_add','Alta de servicio','es'),(323,'service_filter_client','Cliente','es'),(324,'service_filter_type','Tipo','es'),(325,'service_filter_description','Descripción','es'),(326,'service_filter_service','Servicio','es'),(327,'service_filter_imsi','IMSI','es'),(328,'service_filter_ttCreation','Creación','es'),(329,'service_filter_ttModification','Modificación','es'),(330,'service_client','Cliente:','es'),(331,'service_type','Tipo:','es'),(332,'service_description','Descripción:','es'),(333,'service_service','Servicio:','es'),(334,'service_imsi','IMSI:','es'),(335,'service_ttCreation','Creación:','es'),(336,'service_ttModification','Modificación:','es'),(337,'service_table_title','Listado de servicios','es'),(338,'service_table_client','Cliente','es'),(339,'service_table_type','Tipo','es'),(340,'service_table_description','Descripción','es'),(341,'service_table_service','Servicio','es'),(342,'service_table_imsi','IMSI','es'),(343,'service_table_ttCreation','Creación','es'),(344,'service_table_ttModification','Modificación','es'),(345,'service_type_internet','Internet','es'),(346,'service_type_land','Fijo','es'),(347,'service_type_mobile','Móvil','es'),(348,'service_type_unknown','Desconocido','es'),(349,'service_type_ai','Servicios xDSL indirecto','es'),(350,'service_type_ftth','Servicios de fibra (FTTH)','es'),(351,'service_type_fu','Servicios de xDSL directo','es'),(352,'service_type_movil','Servicios de móvil','es'),(353,'service_type_nebacobre','Servicios de Neba sobre cobre','es'),(354,'service_type_nebaftth','Servicios de Neba sobre FTTH','es'),(355,'device_title','Dispositivos','es'),(356,'device_title_search','Búsqueda de dispositivos','es'),(357,'device_title_detail','Detalle de dispositivo','es'),(358,'device_title_edit','Edición de dispositivo','es'),(359,'device_title_add','Alta de dispositivo','es'),(360,'device_filter_device','Dispositivo','es'),(361,'device_filter_manufacturer','Fabricante','es'),(362,'device_filter_model','Modelo','es'),(363,'device_filter_system','Sistema','es'),(364,'device_filter_so','SO','es'),(365,'device_filter_sover','SO ver.','es'),(366,'device_filter_client','Cliente','es'),(367,'device_filter_service','Servicio','es'),(368,'device_filter_ttModification','Modificación','es'),(369,'device_filter_pushtoken','PT','es'),(370,'device_device','Dispositivo:','es'),(371,'device_imsi','IMSI:','es'),(372,'device_manufacturer','Fabricante:','es'),(373,'device_model','Modelo:','es'),(374,'device_system','Sistema:','es'),(375,'device_so','SO:','es'),(376,'device_sover','SO ver.:','es'),(377,'device_client','Cliente:','es'),(378,'device_service','Servicio:','es'),(379,'device_pushtoken','PT:','es'),(380,'device_ttCreation','Creación:','es'),(381,'device_ttModification','Modificación:','es'),(382,'device_table_title','Listado de dispositivos','es'),(383,'device_table_device','Dispositivo','es'),(384,'device_table_clients','Clientes','es'),(385,'device_table_manufacturer','Fabricante','es'),(386,'device_table_model','Modelo','es'),(387,'device_table_system','Sistema','es'),(388,'device_table_so','SO','es'),(389,'device_table_sover','SO ver.','es'),(390,'device_table_client','Cliente','es'),(391,'device_table_service','Servicio','es'),(392,'device_table_ttCreation','Creación','es'),(393,'device_table_ttModification','Modificación','es'),(394,'device_table_pushtoken','PT','es'),(395,'device_table_lastUse','Último Uso','es'),(396,'device_so_unknown','Desconocido','es'),(397,'device_so_android','Android','es'),(398,'device_so_ios','IOS','es'),(399,'device_so_windows','Windows','es'),(400,'device_so_linux','Linux','es'),(401,'device_so_mac','Mac OS','es'),(402,'manufacturer_title','Fabricantes','es'),(403,'manufacturer_title_search','Búsqueda de fabricantes','es'),(404,'manufacturer_title_detail','Detalle de fabricante','es'),(405,'manufacturer_title_edit','Edición de fabricante','es'),(406,'manufacturer_title_add','Alta de fabricante','es'),(407,'manufacturer_filter_manufacturer','Fabricante','es'),(408,'manufacturer_filter_numcpes','N° CPEs','es'),(409,'manufacturer_manufacturer','Fabricante:','es'),(410,'manufacturer_numcpes','N° CPEs:','es'),(411,'manufacturer_total','%Total:','es'),(412,'manufacturer_ttCreation','Creación:','es'),(413,'manufacturer_ttModification','Modificación:','es'),(414,'manufacturer_table_title','Listado de fabricantes','es'),(415,'manufacturer_table_manufacturer','Fabricante','es'),(416,'manufacturer_table_numcpes','N° CPEs','es'),(417,'manufacturer_table_total','%Total','es'),(418,'manufacturer_table_ttCreation','Creación','es'),(419,'manufacturer_table_ttModification','Modificación','es'),(420,'model_title','Modelos','es'),(421,'model_title_search','Búsqueda de modelos','es'),(422,'model_title_detail','Detalle de modelo','es'),(423,'model_title_edit','Edición de modelo','es'),(424,'model_title_add','Alta de modelo','es'),(425,'model_filter_manufacturer','Fabricante','es'),(426,'model_filter_model','Modelo','es'),(427,'model_filter_numcpes','N° CPEs','es'),(428,'model_manufacturer','Fabricante:','es'),(429,'model_model','Modelo:','es'),(430,'model_numcpes','N° CPEs:','es'),(431,'model_total','%Mod:','es'),(432,'model_ttCreation','Creación:','es'),(433,'model_ttModification','Modificación:','es'),(434,'model_table_title','Listado de modelos','es'),(435,'model_table_manufacturer','Fabricante','es'),(436,'model_table_model','Modelo','es'),(437,'model_table_numcpes','N° CPEs','es'),(438,'model_table_total','%Mod','es'),(439,'model_table_ttCreation','Creación','es'),(440,'model_table_ttModification','Modificación','es'),(441,'access_title','Equipos de acceso','es'),(442,'access_title_search','Búsqueda de equipos de acceso','es'),(443,'access_title_detail','Detalle de equipo de acceso','es'),(444,'access_title_edit','Edición de equipo de acceso','es'),(445,'access_title_add','Alta de equipo de acceso','es'),(446,'access_title_upload','Carga de equipo de acceso','es'),(447,'access_filter_hostname','Equipo','es'),(448,'access_filter_provisiongroup','Grupo de Provisión','es'),(449,'access_filter_zone','Zona','es'),(450,'access_filter_subzone','Subzona','es'),(451,'access_filter_node','Nodo','es'),(452,'access_filter_ipaddress','Dirección IP','es'),(453,'access_filter_giaddress','Giaddress','es'),(454,'access_filter_accesstype','Tipo','es'),(455,'access_filter_numcpes','N° CPEs','es'),(456,'access_hostname','Equipo:','es'),(457,'access_provisiongroup','Grupo de Provisión:','es'),(458,'access_zone','Zona:','es'),(459,'access_subzone','Subzona:','es'),(460,'access_node','Nodo:','es'),(461,'access_ipaddress','Dirección IP:','es'),(462,'access_giaddress','Giaddress:','es'),(463,'access_accesstype','Tipo:','es'),(464,'access_numcpes','N° CPEs:','es'),(465,'access_ttCreation','Creación:','es'),(466,'access_ttModification','Modificación:','es'),(467,'access_table_title','Listado de equipos de acceso','es'),(468,'access_table_hostname','Equipo','es'),(469,'access_table_provisiongroup','Grupo de Provisión','es'),(470,'access_table_zone','Zona','es'),(471,'access_table_subzone','Subzona','es'),(472,'access_table_node','Nodo','es'),(473,'access_table_ipaddress','Dirección IP','es'),(474,'access_table_giaddress','Giaddress','es'),(475,'access_table_accesstype','Tipo','es'),(476,'access_table_numcpes','N° CPEs','es'),(477,'access_table_ttcreation','Creación','es'),(478,'access_table_ttmodification','Modificación','es'),(479,'firmware_title','Firmwares','es'),(480,'firmware_title_search','Búsqueda de firmwares','es'),(481,'firmware_title_detail','Detalle de firmware','es'),(482,'firmware_title_edit','Edición de firmware','es'),(483,'firmware_title_add','Alta de firmware','es'),(484,'firmware_title_upload','Carga de firmware','es'),(485,'firmware_filter_hostname','Equipo de acceso','es'),(486,'firmware_filter_cmts','CTMS','es'),(487,'firmware_filter_provisiongroup','Grupo de Provisión','es'),(488,'firmware_filter_node','Nodo','es'),(489,'firmware_filter_access','Acceso','es'),(490,'firmware_filter_manufacturer','Fabricante','es'),(491,'firmware_filter_model','Modelo','es'),(492,'firmware_filter_firmware','Firmware','es'),(493,'firmware_filter_numcpes','N° CPEs','es'),(494,'firmware_cmts','CTMS:','es'),(495,'firmware_provisiongroup','Grupo de Provisión:','es'),(496,'firmware_node','Nodo:','es'),(497,'firmware_access','Acceso:','es'),(498,'firmware_manufacturer','Fabricante:','es'),(499,'firmware_model','Modelo:','es'),(500,'firmware_firmware','Firmware:','es'),(501,'firmware_numcpes','N° CPEs:','es'),(502,'firmware_ttCreation','Creación:','es'),(503,'firmware_ttModification','Modificación:','es'),(504,'firmware_table_title','Listado de firmwares','es'),(505,'firmware_table_cmts','CTMS','es'),(506,'firmware_table_provisiongroup','Grupo de Provisión','es'),(507,'firmware_table_node','Nodo','es'),(508,'firmware_table_access','Acceso','es'),(509,'firmware_table_manufacturer','Fabricante','es'),(510,'firmware_table_model','Modelo','es'),(511,'firmware_table_firmware','Firmware','es'),(512,'firmware_table_numcpes','N° CPEs','es'),(513,'firmware_table_mods','%Mod','es'),(514,'firmware_table_ttCreation','Creación','es'),(515,'firmware_table_ttModification','Modificación','es'),(516,'firmwareFile_title','Repositorio de Firmware','es'),(517,'firmwareFile_title_search','Búsqueda de firmwares','es'),(518,'firmwareFile_title_detail','Detalle de firmware','es'),(519,'firmwareFile_title_edit','Edición de firmware','es'),(520,'firmwareFile_title_add','Alta de firmware','es'),(521,'firmwareFile_title_upload','Carga de firmware','es'),(522,'firmwareFile_filter_name','Nombre','es'),(523,'firmwareFile_filter_description','Fichero','es'),(524,'firmwareFile_filter_manufacturer','Fabricante','es'),(525,'firmwareFile_filter_model','Modelo','es'),(526,'firmwareFile_filter_firmware','Firmware','es'),(527,'firmwareFile_filter_numcpes','N° CPEs','es'),(528,'firmwareFile_name','Nombre:','es'),(529,'firmwareFile_description','Fichero:','es'),(530,'firmwareFile_manufacturer','Fabricante:','es'),(531,'firmwareFile_model','Modelo:','es'),(532,'firmwareFile_firmware','Firmware:','es'),(533,'firmwareFile_numcpes','N° CPEs:','es'),(534,'firmwareFile_ttCreation','Creación:','es'),(535,'firmwareFile_ttModification','Modificación:','es'),(536,'firmwareFile_table_title','Listado de firmwares','es'),(537,'firmwareFile_table_name','Nombre','es'),(538,'firmwareFile_table_description','Fichero','es'),(539,'firmwareFile_table_manufacturer','Fabricante','es'),(540,'firmwareFile_table_model','Modelos','es'),(541,'firmwareFile_table_firmware','Versión Firmware','es'),(542,'firmwareFile_table_numcpes','N° CPEs','es'),(543,'firmwareFile_table_ttCreation','Creación','es'),(544,'firmwareFile_table_ttModification','Modificación','es'),(545,'cpe_title','CPEs','es'),(546,'cpe_title_reinventoring','Reinventariado de CPEs','es'),(547,'cpe_title_search','Búsqueda de CPEs','es'),(548,'cpe_title_detail','Detalle de CPE','es'),(549,'cpe_title_edit','CWMP','es'),(550,'cpe_title_add','Alta de CPE','es'),(551,'cpe_title_upload','Carga de CPE','es'),(552,'cpe_filter_cpeid','Id.','es'),(553,'cpe_filter_mac','MAC','es'),(554,'cpe_filter_ip','IP','es'),(555,'cpe_filter_series','N° Serie','es'),(556,'cpe_filter_state','Estado','es'),(557,'cpe_filter_error','Último error','es'),(558,'cpe_filter_access','Acceso','es'),(559,'cpe_filter_hostname','Hostname','es'),(560,'cpe_filter_provisiongroup','Grupo de Provisión','es'),(561,'cpe_filter_node','Nodo','es'),(562,'cpe_filter_firmware','Firmware','es'),(563,'cpe_filter_giaddress','Gateway','es'),(564,'cpe_filter_manufacturer','Fabricante','es'),(565,'cpe_filter_model','Modelo','es'),(566,'cpe_filter_category1','Categoría 1','es'),(567,'cpe_filter_category2','Categoría 2','es'),(568,'cpe_filter_category3','Categoría 3','es'),(569,'cpe_filter_category4','Categoría 4','es'),(570,'cpe_filter_category5','Categoría 5','es'),(571,'cpe_cpeid','Id.:','es'),(572,'cpe_mac','MAC:','es'),(573,'cpe_ip','IP:','es'),(574,'cpe_series','N° Serie:','es'),(575,'cpe_state','Estado:','es'),(576,'cpe_error','Último error:','es'),(577,'cpe_access','Acceso:','es'),(578,'cpe_hostname','Hostname:','es'),(579,'cpe_provisiongroup','Grupo de Provisión:','es'),(580,'cpe_node','Nodo:','es'),(581,'cpe_firmware','Firmware:','es'),(582,'cpe_giaddress','Gateway:','es'),(583,'cpe_manufacturer','Fabricante:','es'),(584,'cpe_model','Modelo:','es'),(585,'cpe_connection_role','Rol:','es'),(586,'cpe_connection_template','Plantilla:','es'),(587,'cpe_connection_usercomr','Community Lectura/User:','es'),(588,'cpe_connection_pwdcomw','Community Write/Password:','es'),(589,'cpe_connection_type','Tipo de conexión:','es'),(590,'cpe_connection_cwmpid','CWMPID:','es'),(591,'cpe_connection_cwmpurl','CWMPURL:','es'),(592,'cpe_connection_hash','HASH:','es'),(593,'cpe_category1','Categoría 1:','es'),(594,'cpe_category2','Categoría 2:','es'),(595,'cpe_category3','Categoría 3:','es'),(596,'cpe_category4','Categoría 4:','es'),(597,'cpe_category5','Categoría 5:','es'),(598,'cpe_ttip','Fecha IP:','es'),(599,'cpe_ttidentification','Fecha identificación:','es'),(600,'cpe_tterror','Fecha último error:','es'),(601,'cpe_ttcreation','Creación:','es'),(602,'cpe_ttmodification','Modificación:','es'),(603,'cpe_table_title','Listado de CPEs','es'),(604,'cpe_table_cpeid','Id.','es'),(605,'cpe_table_mac','MAC','es'),(606,'cpe_table_ip','IP','es'),(607,'cpe_table_series','N° Serie','es'),(608,'cpe_table_state','Estado','es'),(609,'cpe_table_error','Último error','es'),(610,'cpe_table_access','Acceso','es'),(611,'cpe_table_hostname','Hostname','es'),(612,'cpe_table_provisiongroup','Grupo de Provisión','es'),(613,'cpe_table_node','Nodo','es'),(614,'cpe_table_firmware','Firmware','es'),(615,'cpe_table_giaddress','Gateway','es'),(616,'cpe_table_manufacturer','Fabricante','es'),(617,'cpe_table_model','Modelo','es'),(618,'cpe_table_connection_role','Rol','es'),(619,'cpe_table_connection_template','Plantilla','es'),(620,'cpe_table_connection_usercomr','Community Lectura/User','es'),(621,'cpe_table_connection_pwdcomw','Community Write/Password','es'),(622,'cpe_table_connection_type','Tipo de conexión','es'),(623,'cpe_table_connection_cwmpid','CWMPID','es'),(624,'cpe_table_connection_cwmpurl','CWMPURL','es'),(625,'cpe_table_connection_hash','HASH','es'),(626,'cpe_table_category1','Categoría 1','es'),(627,'cpe_table_category2','Categoría 2','es'),(628,'cpe_table_category3','Categoría 3','es'),(629,'cpe_table_category4','Categoría 4','es'),(630,'cpe_table_category5','Categoría 5','es'),(631,'cpe_table_ttip','Fecha IP','es'),(632,'cpe_table_ttidentification','Fecha identificación','es'),(633,'cpe_table_tterror','Fecha último error','es'),(634,'cpe_table_ttcreation','Creación','es'),(635,'cpe_table_ttmodification','Modificación','es'),(636,'cpe_cwmp_getparval','Get Parameter Values','es'),(637,'cpe_cwmp_par','Parámetro','es'),(638,'cpe_cwmp_val','Valor','es'),(639,'cpe_cwmp_getparnam','Get Parameter Names','es'),(640,'cpe_cwmp_path','Path Parámetro','es'),(641,'cpe_cwmp_next','Siguiente Nivel:','es'),(642,'cpe_cwmp_rw','Lectura/Escritura','es'),(643,'cpe_cwmp_getrpcmet','Get RPC Methods','es'),(644,'cpe_cwmp_rpcmet','Métodos RPC','es'),(645,'cpe_cwmp_others','Others','es'),(646,'cpe_cwmp_setparval','Set Parameter Values','es'),(647,'cpe_cwmp_addobject','Add Object','es'),(648,'cpe_cwmp_delobject','Delete Object','es'),(649,'cpe_cwmp_objnam','Object Name','es'),(650,'cpe_cwmp_parkey','Parameter Key','es'),(651,'tutorial_title','Tutoriales','es'),(652,'tutorial_title_search','Búsqueda de tutoriales','es'),(653,'tutorial_title_detail','Detalle de tutorial','es'),(654,'tutorial_title_edit','Edición de tutorial','es'),(655,'tutorial_title_add','Alta de tutorial','es'),(656,'tutorial_title_upload','Carga de tutorial','es'),(657,'tutorial_filter_name','Nombre','es'),(658,'tutorial_name','Nombre:','es'),(659,'tutorial_role','Rol:','es'),(660,'tutorial_manufacturer','Fabricante:','es'),(661,'tutorial_model','Modelo:','es'),(662,'tutorial_ttCreation','Creación:','es'),(663,'tutorial_ttModification','Modificación:','es'),(664,'tutorial_table_title','Listado de tutoriales','es'),(665,'tutorial_table_name','Nombre','es'),(666,'tutorial_table_role','Rol','es'),(667,'tutorial_table_manufacturer','Fabricante','es'),(668,'tutorial_table_model','Modelo','es'),(669,'tutorial_table_ttcreation','Creación','es'),(670,'tutorial_table_ttmodification','Modificación','es'),(671,'tutorial_edit_newtutorial','Nuevo tutorial','es'),(672,'tutorial_edit_editor','Editor','es'),(673,'tutorial_edit_changename','Cambiar nombre','es'),(674,'tutorial_edit_page_newpage','Nueva página','es'),(675,'tutorial_edit_page_newpagecontent','<p>Contenido de la página...</p>','es'),(676,'tutorial_edit_page_deletepage','Eliminar página','es'),(677,'tutorial_edit_page_pageid','ID de página','es'),(678,'tutorial_edit_page_changepage','Cambio de página','es'),(679,'tutorial_edit_button_createbutton','Crear botón','es'),(680,'tutorial_edit_button_action','Acción','es'),(681,'tutorial_edit_button_actiontype','Tipo de acción','es'),(682,'tutorial_edit_button_value','Valor','es'),(683,'tutorial_edit_button_role','Rol','es'),(684,'tutorial_edit_button_label','Etiqueta','es'),(685,'tutorial_edit_button_buttonprops','Propiedades del botón','es'),(686,'tutorial_edit_exiteditor','Salir del editor','es'),(687,'tutorial_edit_pagecontent','<p>Contenido de la página...</p>','es'),(688,'tutorial_edit_map_title','Mapa','es'),(689,'tutorial_edit_map_zoomin','Acercar','es'),(690,'tutorial_edit_map_zoomout','Alejar','es'),(691,'tutorial_linkedTutorial','Tutorial diagnóstico enlazado','es'),(692,'multimedia_title','Multimedia','es'),(693,'multimedia_title_search','Búsqueda de multimedia','es'),(694,'multimedia_title_detail','Detalle de multimedia','es'),(695,'multimedia_title_edit','Edición de multimedia','es'),(696,'multimedia_title_add','Alta de multimedia','es'),(697,'multimedia_title_upload','Carga de multimedia','es'),(698,'multimedia_filter_name','Nombre','es'),(699,'multimedia_filter_contenttype','Tipo de contenido','es'),(700,'multimedia_name','Nombre:','es'),(701,'multimedia_contenttype','Tipo de contenido:','es'),(702,'multimedia_ttCreation','Creación:','es'),(703,'multimedia_ttModification','Modificación:','es'),(704,'multimedia_table_title','Listado de multimedia','es'),(705,'multimedia_table_name','Nombre','es'),(706,'multimedia_table_media','Media','es'),(707,'multimedia_table_contenttype','Tipo de contenido','es'),(708,'multimedia_table_ttcreation','Creación','es'),(709,'multimedia_table_ttmodification','Modificación','es'),(710,'polinex_title','Listado de MACs de Inclusión/Exclusión','es'),(711,'polinex_title_search','Búsqueda de MACs','es'),(712,'polinex_title_detail','Detalle de MAC','es'),(713,'polinex_title_edit','Edición de MAC','es'),(714,'polinex_title_add','Alta de MAC','es'),(715,'polinex_title_upload','Carga de MACs','es'),(716,'polinex_filter_name','Nombre','es'),(717,'polinex_filter_type','Tipo','es'),(718,'polinex_filter_mac','MACs','es'),(719,'polinex_name','Nombre:','es'),(720,'polinex_type','Tipo:','es'),(721,'polinex_type_exglobal','Exclusión global','es'),(722,'polinex_type_exespec','Exclusión específica','es'),(723,'polinex_type_incl','Inclusión','es'),(724,'polinex_mac','MACs:','es'),(725,'polinex_ttCreation','Creación:','es'),(726,'polinex_ttModification','Modificación:','es'),(727,'polinex_table_title','Listado de MACs','es'),(728,'polinex_table_name','Nombre','es'),(729,'polinex_table_type','Tipo','es'),(730,'polinex_table_mac','MACs','es'),(731,'polinex_table_ttCreation','Creación','es'),(732,'polinex_table_ttModification','Modificación','es'),(733,'template_title','Plantillas','es'),(734,'template_title_search','Búsqueda de plantillas','es'),(735,'template_title_detail','Detalle de plantilla','es'),(736,'template_title_edit','Edición de plantilla','es'),(737,'template_title_add','Alta de plantilla','es'),(738,'template_title_upload','Carga de plantilla','es'),(739,'template_filter_name','Fichero','es'),(740,'template_name','Fichero:','es'),(741,'template_manufacturer','Fabricante:','es'),(742,'template_model','Modelo:','es'),(743,'template_operativeSystem','Sistema Operativo:','es'),(744,'template_role','Rol:','es'),(745,'template_MD5Read','Firma MD5:','es'),(746,'template_md5Ok','MD5:','es'),(747,'template_ttCreation','Creación:','es'),(748,'template_ttModification','Modificación:','es'),(749,'template_table_title','Listado de plantillas','es'),(750,'template_table_name','Fichero','es'),(751,'template_table_manufacturer','Fabricante','es'),(752,'template_table_model','Modelo','es'),(753,'template_table_operativeSystem','Sistema Operativo','es'),(754,'template_table_role','Rol','es'),(755,'template_table_MD5Read','Firma MD5','es'),(756,'template_table_md5Ok','MD5','es'),(757,'template_table_ttcreation','Creación','es'),(758,'template_table_ttmodification','Modificación','es'),(759,'scene_title','Gestor de Escenarios','es'),(760,'scene_title_search','Búsqueda de escenario','es'),(761,'scene_title_detail','Detalle de escenario','es'),(762,'scene_title_edit','Edición de escenario','es'),(763,'scene_title_add','Alta de escenario','es'),(764,'scene_title_upload','Carga de escenario','es'),(765,'scene_filter_file','Nombre','es'),(766,'scene_filter_service','Servicio','es'),(767,'scene_filter_description','Descripción','es'),(768,'scene_file','Nombre:','es'),(769,'scene_service','Servicio:','es'),(770,'scene_description','Descripción:','es'),(771,'scene_ttCreation','Creación:','es'),(772,'scene_ttModification','Modificación:','es'),(773,'scene_table_title','Listado de escenarios','es'),(774,'scene_table_file','Nombre','es'),(775,'scene_table_service','Servicio','es'),(776,'scene_table_description','Descripción','es'),(777,'scene_table_ttcreation','Creación','es'),(778,'scene_table_ttmodification','Modificación','es'),(779,'polunitary_title','Políticas Unitarias de Gestión de Firmware','es'),(780,'polunitary_title_search','Búsqueda de Políticas Unitarias','es'),(781,'polunitary_title_detail','Detalle de políticas unitarias','es'),(782,'polunitary_title_edit','Edición de políticas unitarias','es'),(783,'polunitary_title_add','Alta de políticas unitarias','es'),(784,'polunitary_title_chart','Evolución en los últimos 30 Días','es'),(785,'polunitary_filter_name','Política','es'),(786,'polunitary_filter_mac','Mac','es'),(787,'polunitary_filter_hostname','Acceso','es'),(788,'polunitary_filter_manufacturer','Fabricante','es'),(789,'polunitary_filter_model','Modelo','es'),(790,'polunitary_filter_firmware','Firmware CPE','es'),(791,'polunitary_filter_frworigin','Firmware Inicial','es'),(792,'polunitary_filter_frwobjetive','Firmware Objetivo','es'),(793,'polunitary_filter_frwobjetivever','Versión F.O.','es'),(794,'polunitary_filter_error','Error de Migración','es'),(795,'polunitary_name','Política:','es'),(796,'polunitary_mac','Mac:','es'),(797,'polunitary_hostname','Acceso:','es'),(798,'polunitary_manufacturer','Fabricante:','es'),(799,'polunitary_model','Modelo:','es'),(800,'polunitary_firmware','Firmware CPE:','es'),(801,'polunitary_frworigin','Firmware Inicial:','es'),(802,'polunitary_frwobjetive','Firmware Objetivo:','es'),(803,'polunitary_frwobjetivever','Versión F.O.:','es'),(804,'polunitary_error','Error de Migración:','es'),(805,'polunitary_ttidf','Identificación:','es'),(806,'polunitary_ttmig','Migración:','es'),(807,'polunitary_ttCreation','Creación:','es'),(808,'polunitary_ttModification','Modificación:','es'),(809,'polunitary_table_title','Listado de políticas unitarias','es'),(810,'polunitary_table_name','Política','es'),(811,'polunitary_table_mac','Mac','es'),(812,'polunitary_table_hostname','Acceso','es'),(813,'polunitary_table_manufacturer','Fabricante','es'),(814,'polunitary_table_model','Modelo','es'),(815,'polunitary_table_firmware','Firmware CPE','es'),(816,'polunitary_table_frworigin','Firmware Inicial','es'),(817,'polunitary_table_frwobjetive','Firmware Objetivo','es'),(818,'polunitary_table_frwobjetivever','Versión F.O.','es'),(819,'polunitary_table_error','Error de Migración','es'),(820,'polunitary_table_ttidf','Identificación','es'),(821,'polunitary_table_ttmig','Migración','es'),(822,'polunitary_table_ttcreation','Creación','es'),(823,'polunitary_table_ttmodification','Modificación','es'),(824,'polmassive_title','Políticas Masivas de Gestión de Firmware','es'),(825,'polmassive_title_search','Búsqueda de políticas Masivas','es'),(826,'polmassive_title_detail','Detalle de políticas masivas','es'),(827,'polmassive_title_edit','Edición de políticas masivas','es'),(828,'polmassive_title_add','Alta de políticas masivas','es'),(829,'polmassive_title_chart','Evolución en los últimos 30 Días','es'),(830,'polmassive_filter_name','Política','es'),(831,'polmassive_filter_macfilter','Filtro de Mac','es'),(832,'polmassive_filter_state','Estado','es'),(833,'polmassive_filter_state_active','Activo','es'),(834,'polmassive_filter_state_inactive','Inactivo','es'),(835,'polmassive_filter_priority','Prioridad','es'),(836,'polmassive_filter_priority_low','Baja','es'),(837,'polmassive_filter_priority_medium','Media','es'),(838,'polmassive_filter_priority_high','Alta','es'),(839,'polmassive_filter_bydefault','Valor por defecto','es'),(840,'polmassive_filter_exception','Excepción','es'),(841,'polmassive_filter_mininit','Inicio de Ventana','es'),(842,'polmassive_filter_minend','Fin de Ventana','es'),(843,'polmassive_filter_ttinit','Inicio de Periodo','es'),(844,'polmassive_filter_ttend','Fin de Periodo','es'),(845,'polmassive_filter_manufacturer','Fabricante','es'),(846,'polmassive_filter_inclussion','Inclusión de MACs','es'),(847,'polmassive_filter_exclussion','Exclusión de MACs','es'),(848,'polmassive_filter_model','Modelo','es'),(849,'polmassive_filter_access','Equipos de Acceso','es'),(850,'polmassive_filter_frworigin','Versiones Firmware Iniciales','es'),(851,'polmassive_filter_frwobjetive','Fichero Firmware Objetivo','es'),(852,'polmassive_filter_frwobjetivever','Versión Firmware Objetivo','es'),(853,'polmassive_filter_ttcreation','Creación','es'),(854,'polmassive_filter_ttmodification','Modificación','es'),(855,'polmassive_name','Política:','es'),(856,'polmassive_macfilter','Filtro de Mac:','es'),(857,'polmassive_state','Estado:','es'),(858,'polmassive_state_active','Activo','es'),(859,'polmassive_state_inactive','Inactivo','es'),(860,'polmassive_priority','Prioridad:','es'),(861,'polmassive_priority_low','Baja','es'),(862,'polmassive_priority_medium','Media','es'),(863,'polmassive_priority_high','Alta','es'),(864,'polmassive_bydefault','Valor por defecto:','es'),(865,'polmassive_bydefault_true','Sí','es'),(866,'polmassive_bydefault_false','No','es'),(867,'polmassive_exception','Excepción:','es'),(868,'polmassive_exception_true','Sí','es'),(869,'polmassive_exception_false','No','es'),(870,'polmassive_mininit','Inicio de Ventana:','es'),(871,'polmassive_minend','Fin de Ventana:','es'),(872,'polmassive_ttinit','Inicio de Periodo:','es'),(873,'polmassive_ttend','Fin de Periodo:','es'),(874,'polmassive_manufacturer','Fabricante:','es'),(875,'polmassive_inclussion','Inclusión de MACs:','es'),(876,'polmassive_exclussion','Exclusión de MACs:','es'),(877,'polmassive_model','Modelo:','es'),(878,'polmassive_access','Equipos de Acceso:','es'),(879,'polmassive_frworigin','Versiones Firmware Iniciales:','es'),(880,'polmassive_frwobjetive','Fichero Firmware Objetivo:','es'),(881,'polmassive_frwobjetivever','Versión Firmware Objetivo:','es'),(882,'polmassive_ttcreation','Creación:','es'),(883,'polmassive_ttmodification','Modificación:','es'),(884,'polmassive_weekdays','Días de la semana','es'),(885,'polmassive_numinicial','#Ini:','es'),(886,'polmassive_numobjetivo','#Obj:','es'),(887,'polmassive_numtotal','#I+O:','es'),(888,'polmassive_migpercentage','%Mig:','es'),(889,'polmassive_category1','Categoría 1','es'),(890,'polmassive_category2','Categoría 2','es'),(891,'polmassive_category3','Categoría 3','es'),(892,'polmassive_category4','Categoría 4','es'),(893,'polmassive_category5','Categoría 5','es'),(894,'polmassive_table_title','Listado de políticas masivas','es'),(895,'polmassive_table_name','Política','es'),(896,'polmassive_table_macfilter','Filtro de Mac','es'),(897,'polmassive_table_state','Estado','es'),(898,'polmassive_table_priority','Prioridad','es'),(899,'polmassive_table_bydefault','Valor por defecto','es'),(900,'polmassive_table_bydefault_true','Sí','es'),(901,'polmassive_table_bydefault_false','No','es'),(902,'polmassive_table_exception','Excepción','es'),(903,'polmassive_table_exception_true','Sí','es'),(904,'polmassive_table_exception_false','No','es'),(905,'polmassive_table_mininit','Inicio de Ventana','es'),(906,'polmassive_table_minend','Fin de Ventana','es'),(907,'polmassive_table_ttinit','Inicio de Periodo','es'),(908,'polmassive_table_ttend','Fin de Periodo','es'),(909,'polmassive_table_manufacturer','Fabricante','es'),(910,'polmassive_table_inclussion','Inclusión de MACs','es'),(911,'polmassive_table_exclussion','Exclusión de MACs','es'),(912,'polmassive_table_model','Modelo','es'),(913,'polmassive_table_access','Equipos de Acceso','es'),(914,'polmassive_table_frworigin','Versiones Firmware Iniciales','es'),(915,'polmassive_table_frwobjetive','Fichero Firmware Objetivo','es'),(916,'polmassive_table_frwobjetivever','Versión Firmware Objetivo','es'),(917,'polmassive_table_ttcreation','Creación','es'),(918,'polmassive_table_ttmodification','Modificación','es'),(919,'polmassive_table_numinicial','#Ini','es'),(920,'polmassive_table_numobjetivo','#Obj','es'),(921,'polmassive_table_numtotal','#I+O','es'),(922,'polmassive_table_migpercentage','%Mig','es'),(923,'polmassive_table_weekdays','Días de la semana','es'),(924,'polmassive_task_running','Política en ejecución','es'),(925,'polbase_title','Políticas Base de Gestión de Firmware','es'),(926,'polbase_title_search','Búsqueda de Políticas Base','es'),(927,'polbase_title_detail','Detalle de políticas base','es'),(928,'polbase_title_edit','Edición de políticas base','es'),(929,'polbase_title_add','Alta de políticas base','es'),(930,'polbase_title_chart','Evolución en los últimos 30 Días','es'),(931,'polbase_filter_name','Política','es'),(932,'polbase_filter_macfilter','Filtro de Mac','es'),(933,'polbase_filter_state','Estado','es'),(934,'polbase_filter_state_active','Activo','es'),(935,'polbase_filter_state_inactive','Inactivo','es'),(936,'polbase_filter_priority','Prioridad','es'),(937,'polbase_filter_priority_low','Baja','es'),(938,'polbase_filter_priority_medium','Media','es'),(939,'polbase_filter_priority_high','Alta','es'),(940,'polbase_filter_bydefault','Valor por defecto','es'),(941,'polbase_filter_exception','Excepción','es'),(942,'polbase_filter_mininit','Inicio de Ventana','es'),(943,'polbase_filter_minend','Fin de Ventana','es'),(944,'polbase_filter_ttinit','Inicio de Periodo','es'),(945,'polbase_filter_ttend','Fin de Periodo','es'),(946,'polbase_filter_manufacturer','Fabricante','es'),(947,'polbase_filter_inclussion','Inclusión de MACs','es'),(948,'polbase_filter_exclussion','Exclusión de MACs','es'),(949,'polbase_filter_model','Modelo','es'),(950,'polbase_filter_access','Equipos de Acceso','es'),(951,'polbase_filter_frworigin','Versiones Firmware Iniciales','es'),(952,'polbase_filter_frwobjetive','Fichero Firmware Objetivo','es'),(953,'polbase_filter_frwobjetivever','Versión Firmware Objetivo','es'),(954,'polbase_filter_ttcreation','Creación','es'),(955,'polbase_filter_ttmodification','Modificación','es'),(956,'polbase_name','Política:','es'),(957,'polbase_macfilter','Filtro de Mac:','es'),(958,'polbase_state','Estado:','es'),(959,'polbase_state_active','Activo','es'),(960,'polbase_state_inactive','Inactivo','es'),(961,'polbase_priority','Prioridad:','es'),(962,'polbase_priority_low','Baja','es'),(963,'polbase_priority_medium','Media','es'),(964,'polbase_priority_high','Alta','es'),(965,'polbase_bydefault','Valor por defecto:','es'),(966,'polbase_bydefault_true','Sí','es'),(967,'polbase_bydefault_false','No','es'),(968,'polbase_exception','Excepción:','es'),(969,'polbase_exception_true','Sí','es'),(970,'polbase_exception_false','No','es'),(971,'polbase_mininit','Inicio de Ventana:','es'),(972,'polbase_minend','Fin de Ventana:','es'),(973,'polbase_ttinit','Inicio de Periodo:','es'),(974,'polbase_ttend','Fin de Periodo:','es'),(975,'polbase_manufacturer','Fabricante:','es'),(976,'polbase_inclussion','Inclusión de MACs:','es'),(977,'polbase_exclussion','Exclusión de MACs:','es'),(978,'polbase_model','Modelo:','es'),(979,'polbase_access','Equipos de Acceso:','es'),(980,'polbase_frworigin','Versiones Firmware Iniciales:','es'),(981,'polbase_frwobjetive','Fichero Firmware Objetivo:','es'),(982,'polbase_frwobjetivever','Versión Firmware Objetivo:','es'),(983,'polbase_ttcreation','Creación:','es'),(984,'polbase_ttmodification','Modificación:','es'),(985,'polbase_weekdays','Días de la semana','es'),(986,'polbase_numpermitidos','#Perm','es'),(987,'polbase_numpermpercentage','%Perm','es'),(988,'polbase_numobjetivo','#Base','es'),(989,'polbase_numobjpercentage','%Base','es'),(990,'polbase_numtotal','#Tot','es'),(991,'polbase_table_title','Listado de políticas base','es'),(992,'polbase_table_name','Política','es'),(993,'polbase_table_macfilter','Filtro de Mac','es'),(994,'polbase_table_state','Estado','es'),(995,'polbase_table_priority','Prioridad','es'),(996,'polbase_table_bydefault','Valor por defecto','es'),(997,'polbase_table_bydefault_true','Sí','es'),(998,'polbase_table_bydefault_false','No','es'),(999,'polbase_table_exception','Excepción','es'),(1000,'polbase_table_exception_true','Sí','es'),(1001,'polbase_table_exception_false','No','es'),(1002,'polbase_table_mininit','Inicio de Ventana','es'),(1003,'polbase_table_minend','Fin de Ventana','es'),(1004,'polbase_table_ttinit','Inicio de Periodo','es'),(1005,'polbase_table_ttend','Fin de Periodo','es'),(1006,'polbase_table_manufacturer','Fabricante','es'),(1007,'polbase_table_inclussion','Inclusión de MACs','es'),(1008,'polbase_table_exclussion','Exclusión de MACs','es'),(1009,'polbase_table_model','Modelo','es'),(1010,'polbase_table_access','Equipos de Acceso','es'),(1011,'polbase_table_frworigin','Versiones Firmware Iniciales','es'),(1012,'polbase_table_frwobjetive','Fichero Firmware Objetivo','es'),(1013,'polbase_table_frwobjetivever','Versión Firmware Objetivo','es'),(1014,'polbase_table_ttcreation','Creación','es'),(1015,'polbase_table_ttmodification','Modificación','es'),(1016,'polbase_table_numpermitidos','#Perm','es'),(1017,'polbase_table_numpermpercentage','%Perm','es'),(1018,'polbase_table_numobjetivo','#Base','es'),(1019,'polbase_table_numobjpercentage','%Base','es'),(1020,'polbase_table_numtotal','#Tot','es'),(1021,'polbase_table_weekdays','Días de la semana','es'),(1022,'polbase_task_running','Política en ejecución','es'),(1023,'server_title','Menú de Arranque/Parada','es'),(1024,'server_title_start','Arrancar servidor','es'),(1025,'server_title_stop','Parar servidor','es'),(1026,'suggestion_title','Listado de Sugerencias','es'),(1027,'suggestion_title_search','Búsqueda de Sugerencias','es'),(1028,'suggestion_title_detail','Detalle de Sugerencia','es'),(1029,'suggestion_filter_client','Cliente','es'),(1030,'suggestion_filter_manufacturer','Fabricante','es'),(1031,'suggestion_filter_model','Modelo','es'),(1032,'suggestion_filter_os','Sistema operativo','es'),(1033,'suggestion_filter_osversion','Versión del SO','es'),(1034,'suggestion_filter_appversion','Versión de la APP','es'),(1035,'suggestion_filter_message','Mensaje','es'),(1036,'suggestion_client','Cliente:','es'),(1037,'suggestion_manufacturer','Fabricante:','es'),(1038,'suggestion_model','Modelo:','es'),(1039,'suggestion_os','Sistema operativo:','es'),(1040,'suggestion_osversion','Versión del SO:','es'),(1041,'suggestion_appversion','Versión de la APP:','es'),(1042,'suggestion_message','Mensaje:','es'),(1043,'suggestion_ttCreation','Creación:','es'),(1044,'suggestion_ttModification','Modificación:','es'),(1045,'suggestion_table_title','Listado de Sugerencias','es'),(1046,'suggestion_table_client','Cliente','es'),(1047,'suggestion_table_manufacturer','Fabricante','es'),(1048,'suggestion_table_model','Modelo','es'),(1049,'suggestion_table_os','Sistema operativo','es'),(1050,'suggestion_table_osversion','Versión del SO','es'),(1051,'suggestion_table_appversion','Versión de la APP','es'),(1052,'suggestion_table_message','Mensaje','es'),(1053,'suggestion_table_ttCreation','Creación','es'),(1054,'suggestion_table_ttModification','Modificación','es'),(1055,'suggestion_so_android','Android','es'),(1056,'suggestion_so_ios','IOS','es'),(1057,'suggestion_so_windows','Windows','es'),(1058,'suggestion_so_linux','Linux','es'),(1059,'suggestion_so_mac','Mac OS','es'),(1060,'event_title','Eventos del Sistema','es'),(1061,'event_title_search','Búsqueda de eventos','es'),(1062,'event_title_detail','Detalle de evento','es'),(1063,'event_filter_name','Nombre','es'),(1064,'event_filter_value','Valor','es'),(1065,'event_filter_date_ini','Fecha inicial','es'),(1066,'event_filter_date_end','Fecha final','es'),(1067,'event_name','Nombre','es'),(1068,'event_value','Valor','es'),(1069,'event_type_start','Arranque de Schaman','es'),(1070,'event_type_stop','Parada de Schaman','es'),(1071,'event_type_deploy','Arranque del servidor de aplicaciones','es'),(1072,'event_type_deployver','Despliegue de Versión','es'),(1073,'event_ttcreation','Creación','es'),(1074,'event_ttmodification','Modificación','es'),(1075,'event_table_title','Listado de eventos','es'),(1076,'event_table_name','Nombre','es'),(1077,'event_table_value','Valor','es'),(1078,'event_table_ttcreation','Creación','es'),(1079,'event_table_ttmodification','Modificación','es'),(1080,'configuration_title','Menú de Configuración','es'),(1081,'configuration_subtitle','Schaman se está ejecutando. Pare Schaman para poder editar la configuración.','es'),(1082,'configuration_licence','Licencia','es'),(1083,'configuration_licence_license','Código de Licencia:','es'),(1084,'configuration_licence_version','- Versión:','es'),(1085,'configuration_licence_fexpiracion','- Fecha de Expiración:','es'),(1086,'configuration_licence_limCPEs','- Límite de CPEs:','es'),(1087,'configuration_licence_dirIP','- Dirección IP Asociada:','es'),(1088,'configuration_schaman','Schaman','es'),(1089,'configuration_schaman_autoStart','Autoarranque:','es'),(1090,'configuration_schaman_icmpType','Pruebas ICMP:','es'),(1091,'configuration_schaman_language','Idioma:','es'),(1092,'configuration_schaman_ip','Dirección IP del sistema:','es'),(1093,'configuration_location','Localización','es'),(1094,'configuration_location_dhcpAgentActive','Activo:','es'),(1095,'configuration_location_radiusServerPort','Puerto servidor Radius','es'),(1096,'configuration_location_radiusServerSharedSecret','Radius Shared Secret:','es'),(1097,'configuration_location_radiusFilterActive','Filtro Antiavalanchas Radius:','es'),(1098,'configuration_location_radiusFilterBufferSize','Tamaño del Buffer del Filtro:','es'),(1099,'configuration_location_radiusFilterLogActive','Mostrar MACs Duplicadas en el Log:','es'),(1100,'configuration_identification','Identificación','es'),(1101,'configuration_identification_identifierActive','Activo:','es'),(1102,'configuration_identification_identifierBlock','Tamaño del Bloque de Identificación:','es'),(1103,'configuration_identification_identifierSimConnections','Conexiones Simultáneas del Proceso:','es'),(1104,'configuration_identification_identifierInfPeriod','Caducidad de la Identificación:','es'),(1105,'configuration_identification_identifierCrtPeriod','Priorización de Identificación de Equipos Nuevos:','es'),(1106,'configuration_identification_identifierErrPeriod','Espera para Reidentificación tras un Error:','es'),(1107,'configuration_troubleshoot','Troubleshoot','es'),(1108,'configuration_troubleshoot_troubleshootActive','Activo:','es'),(1109,'configuration_troubleshoot_multimediaURL','URL de Publicación de los Ficheros Multimedia:','es'),(1110,'configuration_troubleshoot_progressTMax','Timeout máximo barra de progreso (segundos):','es'),(1111,'configuration_troubleshoot_progressTExp','Timeout esperado barra de progreso (segundos):','es'),(1112,'configuration_troubleshoot_progressExp','Porcentaje esperado barra de progreso:','es'),(1113,'configuration_troubleshoot_progressTEnd','Timeout finalización barra de progreso (segundos):','es'),(1114,'configuration_acs','ACS','es'),(1115,'configuration_acs_acsProvActive','Provisión:','es'),(1116,'configuration_acs_acsURL','URL:','es'),(1117,'configuration_acs_acsPassword','Password:','es'),(1118,'configuration_acs_acsInformInterval','Intervalo de Inform (segundos):','es'),(1119,'configuration_acs_acsProvCode','Código de Provisión:','es'),(1120,'configuration_acs_xmppServerIp','IP Servidor XMPP:','es'),(1121,'configuration_acs_xmppServerPort','Puerto Servidor XMPP:','es'),(1122,'configuration_acs_xmppServerDomain','Dominio Servidor XMPP:','es'),(1123,'configuration_acs_xmppUser','Usuario Servidor XMPP:','es'),(1124,'configuration_acs_xmppPassword','Password Servidor XMPP:','es'),(1125,'configuration_acs_xmppResource','Recurso Servidor XMPP:','es'),(1126,'configuration_acs_xmppAdminUser','Usuario Administración Servidor XMPP:','es'),(1127,'configuration_acs_xmppAdminPassword','Password Administración Servidor XMPP:','es'),(1128,'configuration_oneclick','OneClick','es'),(1129,'configuration_oneclick_ockActive','Activo:','es'),(1130,'configuration_oneclick_ockSessionTimeout','Timeout de Sesión:','es'),(1131,'configuration_oneclick_ockPassword','Password de Acceso:','es'),(1132,'configuration_oneclick_ockBotoneraType','Tipo de Botonera:','es'),(1133,'configuration_oneclick_ockBotoneraProxyURL','URL al WS de Producción de Botonera:','es'),(1134,'configuration_oneclick_ockBotoneraIconsURL','URL a los Iconos de la Botonera:','es'),(1135,'configuration_oneclick_sincroTimestamp','Última sincronización:','es'),(1136,'configuration_oneclick_ockLinkedNotifTTL','Tiempo de Vida Notificaciones Diagnóstico Enlazado (segundos):','es'),(1137,'configuration_oneclick_ockBotoneraSyncTt','Última sincronización:','es'),(1138,'configuration_oneclick_ockAndroidApiKey','API Key Android:','es'),(1139,'configuration_oneclick_ockIOSApiKey','API Key iOS:','es'),(1140,'configuration_oneclick_ockLinkedTimeout','Timeout Diagnóstico Enlazado (segundos):','es'),(1141,'configuration_cleaning_database','Limpieza BBDD','es'),(1142,'configuration_cleaning_database_databaseCleanerActive','Activo:','es'),(1143,'configuration_cleaning_database_databaseCleanerThreshold','Margen de Borrado Dispositivos Inactivos:','es'),(1144,'configuration_cleaning_database_databaseCleanerCliThreshold','Margen de Borrado Clientes Inactivos:','es'),(1145,'configuration_cleaning_database_databaseCleanerTime','Hora de Borrado Dispositivos Inactivos:','es'),(1146,'configuration_cleaning_database_databaseCleanerCliTime','Hora de Borrado Clientes Inactivos:','es'),(1147,'configuration_cleaning_database_databaseCleanerWrnTime','Hora de Borrado Mensajes Antiguos:','es'),(1148,'configuration_log','Log','es'),(1149,'configuration_log_logFile','Fichero de Log:','es'),(1150,'configuration_firmware','Firmware','es'),(1151,'configuration_firmware_firmwareActive','Activo:','es'),(1152,'configuration_firmware_firmwareLibraryPath','Path al Repositorio de Firmware:','es'),(1153,'configuration_firmware_firmwareBlock','Tamaño del Bloque de Actualización:','es'),(1154,'configuration_firmware_firmwareSimConnections','Conexiones Simultáneas del Proceso:','es'),(1155,'configuration_firmware_firmwareWait2IdfPeriod','Espera para Reidentificación tras una Migración:','es'),(1156,'configuration_firmware_firmwarePriorAlta','Multiplicador prioridad Alta:','es'),(1157,'configuration_firmware_firmwarePriorMedia','Multiplicador prioridad Media:','es'),(1158,'configuration_firmware_firmwarePriorBaja','Multiplicador prioridad Baja:','es'),(1159,'configuration_reports','Informes','es'),(1160,'configuration_reports_elasticURL','URL de ElasticSearch','es'),(1161,'configuration_reports_kibanaSthbndURL','URL Informe Integraciones SouthBound:','es'),(1162,'configuration_reports_kibanaActivityURL','URL Informe Actividad Callcenter:','es'),(1163,'configuration_reports_kibanaAgenteURL','URL Informe Desempeño por Agente:','es'),(1164,'configuration_reports_kibanaCausalesURL','URL Informe Detalle Causales:','es'),(1165,'configuration_proactive_kibanaProacDashboardURL','URL Dashboard Proactivo:','es'),(1166,'configuration_value_activo','Activo','es'),(1167,'configuration_value_inactivo','Inactivo','es'),(1168,'configuration_list_wifi_wifi','Con WiFi','es'),(1169,'configuration_list_wifi_always','Siempre','es'),(1170,'configuration_list_int_ext_true','Interno','es'),(1171,'configuration_list_int_ext_false','Externo','es'),(1172,'configuration_list_icmp_java','Java (Recomendado)','es'),(1173,'configuration_list_icmp_linux','Linux (Afecta al Rendimiento)','es'),(1174,'configuration_list_icmp_solaris','Solaris (Afecta al Rendimiento)','es'),(1175,'configuration_list_icmp_windows','Windows (Afecta al Rendimiento)','es'),(1176,'configuration_list_icmp_macosx','Mac OS X (Afecta al Rendimiento)','es'),(1177,'configuration_list_language_es_ES','Español','es'),(1178,'configuration_list_language_en_EN','English','es'),(1179,'configuration_proactive','Proactivo','es'),(1180,'configuration_proactive_kibanaMassiveURL','URL Informe Masivo:','es'),(1181,'configuration_proactive_kibanaSelfURL','URL Informe Self:','es'),(1182,'configuration_proactive_kibanaDslURL','URL Informe DSL:','es'),(1183,'debug_title','Desarrollo','es'),(1184,'debug_location_add','Forzar localización de dispositivo','es'),(1185,'debug_location_delete','Forzar Borrado de Dispositivo (MAC):','es'),(1186,'debug_location_massive','Localización masiva de dispositivos (Sólo Desarrollo)','es'),(1187,'debug_identification_add','Forzar identificación de dispositivo','es'),(1188,'debug_identification_massive','Identificación masiva de dispositivos (Inicio Manual)','es'),(1189,'debug_stat_increase','Incrementar estadística','es'),(1190,'debug_stat_init','Inicializar estadísticas persistentes','es'),(1191,'debug_mac','MAC','es'),(1192,'debug_ip','IP','es'),(1193,'debug_provisiongroup','Grupo de provisión','es'),(1194,'debug_giaddress','GiAddress','es'),(1195,'debug_service','Clase de servicio','es'),(1196,'debug_dhcp','IP DHCP','es'),(1197,'debug_nthreads','N° de hilos','es'),(1198,'debug_nrequest','N° peticiones por hilo','es'),(1199,'debug_manufacturer','Fabricante','es'),(1200,'debug_model','Modelo','es'),(1201,'debug_firmware','Firmware','es'),(1202,'debug_role','Rol','es'),(1203,'debug_type','Conexión','es'),(1204,'debug_usercomr','Community Lectura/User','es'),(1205,'debug_pwdcomw','Community Escritura/Password','es'),(1206,'debug_template','Plantilla','es'),(1207,'debug_statCode','Código de Estadística','es'),(1208,'debug_statValue','Valor','es'),(1209,'menu_home','INICO','es'),(1210,'menu_profile','PERFIL','es'),(1211,'menu_profilelower','Perfil','es'),(1212,'menu_hdm','HDM','es'),(1213,'menu_inventory','Inventario','es'),(1214,'menu_access','Equipos de Acceso','es'),(1215,'menu_manufacturers','Fabricantes','es'),(1216,'menu_models','Modelos','es'),(1217,'menu_cpes','CPEs','es'),(1218,'menu_reinventoring','Reinventariado de CPEs','es'),(1219,'menu_firmware','Firmware','es'),(1220,'menu_firmwares','Situación Actual','es'),(1221,'menu_polunitary','Políticas Unitarias','es'),(1222,'menu_polmassive','Políticas Masivas','es'),(1223,'menu_polbase','Políticas base','es'),(1224,'menu_firmwarerepository','Repositorio de Firmware','es'),(1225,'menu_polinex','Listados de MACs','es'),(1226,'menu_diagnosis','DIAGNÓSTICO','es'),(1227,'menu_troubleshoot','Diagnosticar','es'),(1228,'menu_config','CONFIGURACIÓN','es'),(1229,'menu_templates','Plantillas','es'),(1230,'menu_scenes','Escenarios','es'),(1231,'menu_lookupfile','Ficheros lookup','es'),(1232,'menu_tutorials','Tutoriales','es'),(1233,'menu_multimedia','Multimedia','es'),(1234,'menu_administration','ADMINISTRACIÓN','es'),(1235,'menu_gen','General','es'),(1236,'menu_server','Menú de Arranque/Parada','es'),(1237,'menu_configurationmenu','Menú de Configuración','es'),(1238,'menu_users','Gestión Usuarios','es'),(1239,'menu_roles','Gestión Roles','es'),(1240,'menu_log_viewer','Visor de Logs','es'),(1241,'menu_oneclick','Oneclick','es'),(1242,'menu_obs_rules','Reglas de obsolescencia','es'),(1243,'menu_buttonbar','Botonera','es'),(1244,'menu_warningmsg','Mensajes de aviso','es'),(1245,'menu_platform','Versión de la plataforma','es'),(1246,'menu_reports','INFORMES','es'),(1247,'menu_health','Salud','es'),(1248,'menu_dbsthbnd','Integraciones SouthBound','es'),(1249,'menu_dbsthbnd2','Integraciones SouthBound (eCharts)','es'),(1250,'menu_diagcor','Diagnóstico Correctivo','es'),(1251,'menu_dbactivity','Actividad Callcenter','es'),(1252,'menu_dbactivity2','Actividad Callcenter (eCharts)','es'),(1253,'menu_dbcausales','Detalle causales','es'),(1254,'menu_dbcausales2','Detalle causales (eCharts)','es'),(1255,'menu_dbagente','Desempeño por agente','es'),(1256,'menu_dbagente2','Desempeño por agente (eCharts)','es'),(1257,'menu_inventoryevo','Evolución Inventario','es'),(1258,'menu_clients','Clientes','es'),(1259,'menu_services','Servicios','es'),(1260,'menu_devices','Dispositivos Oneclick','es'),(1261,'menu_suggestions','Sugerencias','es'),(1262,'menu_events','Eventos','es'),(1263,'menu_certif','Certificar','es'),(1264,'menu_proactive','PROACTIVO','es'),(1265,'menu_polproactive','Políticas proactivas','es'),(1266,'menu_prodashboard','Dashboard','es'),(1267,'menu_troubleshoot_linkedDiag','Diagnostico enlazado','es'),(1268,'menu_server_stopstart','Arrancar/parar Schaman','es'),(1269,'menu_configurationmenu_edit','Editar configuración','es'),(1270,'menu_cpes_cwmp','CWMP','es'),(1271,'wmsg_title','Gestión de mensajes de aviso','es'),(1272,'wmsg_title_search','Búsqueda de mensajes de aviso','es'),(1273,'wmsg_title_detail','Detalle de mensaje de aviso','es'),(1274,'wmsg_title_edit','Edición de mensaje de aviso','es'),(1275,'wmsg_title_add','Alta de mensaje de aviso','es'),(1276,'wmsg_table_title','Listado de mensajes de aviso','es'),(1277,'wmsg_table_start','Comienzo','es'),(1278,'wmsg_table_finish','Finalización','es'),(1279,'wmsg_table_msg','Mensaje','es'),(1280,'wmsg_table_type','Tipo','es'),(1281,'wmsg_start','Comienzo','es'),(1282,'wmsg_finish','Finalización','es'),(1283,'wmsg_msg','Mensaje','es'),(1284,'wmsg_type','Tipo','es'),(1285,'wmsg_filter_msg','Mensaje','es'),(1286,'wmsg_filter_type','Tipo','es'),(1287,'platform_title','Versión de la plataforma','es'),(1288,'platform_botonera','Botonera','es'),(1289,'platform_tutorial','Tutoriales','es'),(1290,'platform_apn','APNs','es'),(1291,'platform_template','Plantillas','es'),(1292,'platform_ooklaservers','Servidores Ookla','es'),(1293,'platform_others','Otros','es'),(1294,'platform_ockBotoneraURL','URL a la botonera de OneClick','es'),(1295,'platform_ockBotoneraDown','Cuándo se baja la botonera (wifi/always)','es'),(1296,'platform_ockTutorialesVer','Versión de tutoriales','es'),(1297,'platform_ockTutorialesURL','URL de los tutoriales','es'),(1298,'platform_ockTutorialesDown','Cuándo se baja los tutoriales (wifi/always)','es'),(1299,'platform_ockXmlApnsVer','Versión del fichero de APNs','es'),(1300,'platform_ockXmlApnsURL','URL del fichero de APNs','es'),(1301,'platform_ockXmlApnsDown','Cuándo se baja el fichero de APNSs (wifi/always)','es'),(1302,'platform_ockXmlMasterVer','Versión de la plantilla master','es'),(1303,'platform_ockXmlMasterURL','URL de la plantilla master','es'),(1304,'platform_ockXmlMasterDown','Cuándo se baja el fichero master (wifi/always)','es'),(1305,'platform_ockXmlDeviceVer','Versión de la plantilla del dispositivo','es'),(1306,'platform_ockXmlDeviceURL','URL de la plantilla del dispositivo','es'),(1307,'platform_ockXmlDeviceDown','Cuándo se baja el fichero plantilla de dispositivo (wifi/always)','es'),(1308,'platform_ockOoklaServersVer','Versión de servidores Ookla','es'),(1309,'platform_ockOoklaServersURL','URL de servidores Ookla','es'),(1310,'platform_ockOoklaServersDown','Cuándo se baja el fichero de servidores Ookla (wifi/always)','es'),(1311,'platform_ockSamsungKey','Clave de samsung','es'),(1312,'platform_ockLoginTimeout','Timeout de sesión','es'),(1313,'platform_tutorials','Tutoriales','es'),(1314,'platform_apns','APNS','es'),(1315,'platform_master','Plantilla master','es'),(1316,'platform_device','Plantilla de dispositivo','es'),(1317,'platform_ookla','Servidores Ookla','es'),(1318,'lookupfile_title','Ficheros lookup','es'),(1319,'lookupfile_title_search','Búsqueda de ficheros lookup','es'),(1320,'lookupfile_title_detail','Detalle de fichero lookup','es'),(1321,'lookupfile_title_edit','Edición de fichero lookup','es'),(1322,'lookupfile_title_add','Alta de fichero lookup','es'),(1323,'lookupfile_title_upload','Carga de ficheros lookup','es'),(1324,'lookupfile_filter_key','Nombre','es'),(1325,'lookupfile_key','Nombre:','es'),(1326,'lookupfile_content','Contenido:','es'),(1327,'lookupfile_ttCreation','Creación:','es'),(1328,'lookupfile_ttModification','Modificación:','es'),(1329,'lookupfile_table_title','Listado de ficheros lookup','es'),(1330,'lookupfile_table_key','Nombre','es'),(1331,'lookupfile_table_content','Contenido','es'),(1332,'lookupfile_table_ttcreation','Creación','es'),(1333,'lookupfile_table_ttmodification','Modificación','es'),(1334,'dashboard_filter_type_quick','Rápida','es'),(1335,'dashboard_filter_type_relative','Relativa','es'),(1336,'dashboard_filter_type_absolute','Absoluta','es'),(1337,'dashboard_filter_dateIni','Fecha inicial','es'),(1338,'dashboard_filter_dateEnd','Fecha final','es'),(1339,'polproactive_title','Políticas Proactivas','es'),(1340,'polproactive_title_search','Búsqueda de políticas proactivas','es'),(1341,'polproactive_title_detail','Detalle de políticas proactivas','es'),(1342,'polproactive_title_edit','Edición de políticas proactivas','es'),(1343,'polproactive_title_add','Alta de políticas proactivas','es'),(1344,'polproactive_title_chart','Informe de políticas proactivas','es'),(1345,'polproactive_filter_name','Nombre','es'),(1346,'polproactive_name','Nombre:','es'),(1347,'polproactive_ttcreation','Creación:','es'),(1348,'polproactive_ttmodification','Modificación:','es'),(1349,'polproactive_table_title','Listado de políticas proactivas','es'),(1350,'polproactive_table_name','Nombre','es'),(1351,'polproactive_table_trigger','Disparador','es'),(1352,'polproactive_table_executor','Ejecutor','es'),(1353,'polproactive_table_schedule','Horario','es'),(1354,'polproactive_table_resources','% Recursos','es'),(1355,'polproactive_table_ttcreation','Creación','es'),(1356,'polproactive_table_ttmodification','Modificación','es'),(1357,'polproactive_dialog_add','Añadir nueva política proactiva','es'),(1358,'polproactive_trigger','Disparador','es'),(1359,'polproactive_executor','Ejecutor','es'),(1360,'polproactive_notifications','Notificaciones','es'),(1361,'polproactive_programmer','Programador','es'),(1362,'polproactive_confirm','Confirmación','es'),(1363,'polproactive_triggertype','Tipo de disparador','es'),(1364,'polproactive_serviceid','Id de servicio','es'),(1365,'polproactive_captoralarm','Alarma Captor','es'),(1366,'polproactive_webservice','Web Service','es'),(1367,'polproactive_csvfile','Fichero CSV','es'),(1368,'polproactive_ticketingstatus','Estado del ticket','es'),(1369,'polproactive_alarmId','Id de Alarma','es'),(1370,'polproactive_inputType','Tipo','es'),(1371,'polproactive_inputValue','Valor','es'),(1372,'polproactive_ticketorigin','Origen del ticket','es'),(1373,'polproactive_ticketorigin_callcenter','Call Center','es'),(1374,'polproactive_ticketorigin_oneclick','Oneclick','es'),(1375,'polproactive_ticketorigin_all','Todos','es'),(1376,'polproactive_ticketorigin_field','Certificación','es'),(1377,'polproactive_currentstatus','Estado actual','es'),(1378,'polproactive_currentstatus_resolved','Resuelto','es'),(1379,'polproactive_previousstatus','Estado previo','es'),(1380,'polproactive_status_tocallcenter','Escalado a Call Center','es'),(1381,'polproactive_status_noresolved','No resuelto (Encuesta)','es'),(1382,'polproactive_status_tomassive','Asociado a masiva','es'),(1383,'polproactive_status_close','Cierre Masiva','es'),(1384,'polproactive_status_tocc','Escalado a Call Center','es'),(1385,'polproactive_status_ton2','Escalado N2','es'),(1386,'polproactive_status_send','Envío terreno','es'),(1387,'polproactive_status_resolved','Resuelto','es'),(1388,'polproactive_delay','Retardo (horas)','es'),(1389,'polproactive_policyId','Id política','es'),(1390,'polproactive_executortype','Tipo de ejecutor','es'),(1391,'polproactive_executortype_schaman','Ejecutor SCHAMAN CORE','es'),(1392,'polproactive_notificatortype','Notificador','es'),(1393,'polproactive_notificatortype_support','Incluir en panel soporte','es'),(1394,'polproactive_notificatortype_email','Enviar email','es'),(1395,'polproactive_notificatortype_snmp','Enviar trap SNMP','es'),(1396,'polproactive_notificatortype_push','Enviar Push cliente','es'),(1397,'polproactive_notificatortype_pushsms','Enviar SMS/Push cliente','es'),(1398,'polproactive_notificatortype_sms','Enviar SMS cliente','es'),(1399,'polproactive_notificatortype_wscert','Enviar WS Certificación','es'),(1400,'polproactive_panelId','ID del panel','es'),(1401,'polproactive_text','Texto','es'),(1402,'polproactive_description','Descripción','es'),(1403,'polproactive_logic','Lógica','es'),(1404,'polproactive_logic_true','Sin error','es'),(1405,'polproactive_logic_false','Con error','es'),(1406,'polproactive_detail','Detalle','es'),(1407,'polproactive_issue','Asunto','es'),(1408,'polproactive_select','Selector','es'),(1409,'polproactive_select_true','Siempre','es'),(1410,'polproactive_select_false','Sólo si cliente está subscrito','es'),(1411,'polproactive_subtitle','Título','es'),(1412,'polproactive_message','Mensaje','es'),(1413,'polproactive_deeplink','DeepLink','es'),(1414,'polproactive_tag','Tag','es'),(1415,'polproactive_weekdays','Días de la semana','es'),(1416,'polproactive_schedule','Horario','es'),(1417,'polproactive_dateini','Fecha de inicio','es'),(1418,'polproactive_dateend','Fecha de fin','es'),(1419,'polproactive_resources','Asignación de recursos (%)','es'),(1420,'polproactive_starttime','Hora de inicio','es'),(1421,'polproactive_endtime','Hora de fin','es'),(1422,'polproactive_fileName','Fichero','es'),(1423,'configuration_reports_kibanaAgentURL','URL Informe de Rendimiento por Agente','es'),(1424,'global_title','HDM','es'),(1425,'global_footer','Copyright 2018 Bluu Chile - All Rights Reserved','es'),(1426,'button_login','Entrar','es'),(1427,'button_logout','Cerrar sesión','es'),(1428,'button_detail','Detalle','es'),(1429,'button_edit','Editar','es'),(1430,'button_delete','Borrar','es'),(1431,'button_delete_all','Borrar todo','es'),(1432,'button_remove','Eliminar','es'),(1433,'button_add','Añadir','es'),(1434,'button_accept','Aceptar','es'),(1435,'button_cancel','Cancelar','es'),(1436,'button_export','Exportar','es'),(1437,'button_load','Cargar','es'),(1438,'button_search','Buscar','es'),(1439,'button_clear','Limpiar','es'),(1440,'button_save','Guardar','es'),(1441,'button_togglercolumns','Mostrar/Ocultar columnas','es'),(1442,'button_download','Descargar','es'),(1443,'button_download_all','Descargar todo','es'),(1444,'button_share','Compartir','es'),(1445,'button_solve','Solucionar','es'),(1446,'button_visualize','Visualizar','es'),(1447,'button_inventariado','Reinventariar','es'),(1448,'button_upgrade','Actualizar','es'),(1449,'button_identify','Identificar','es'),(1450,'button_active','Activar','es'),(1451,'button_inactive','Desactivar','es'),(1452,'button_clean','Limpiar','es'),(1453,'button_continue','Continuar','es'),(1454,'button_execute','Ejecutar','es'),(1455,'button_tutorial','Ver tutorial','es'),(1456,'button_refresh','Actualizar','es'),(1457,'button_refresh_all','Actualizar todo','es'),(1458,'button_play','Reproducir','es'),(1459,'button_reset','Reestablecer','es'),(1460,'button_reset_all','Reestablecer todos','es'),(1461,'button_sync','Sincronizar','es'),(1462,'button_skip','Omitir','es'),(1463,'button_copy','Copiar','es'),(1464,'button_reboot','Reiniciar','es'),(1465,'button_return','Volver','es'),(1466,'button_lock','Bloquear','es'),(1467,'button_unlock','Desbloquear','es'),(1468,'button_next','Siguiente','es'),(1469,'button_back','Anterior','es'),(1470,'button_chart','Ver Informe','es'),(1471,'combo_select','Seleccione...','es'),(1472,'label_yes','Sí','es'),(1473,'label_no','No','es'),(1474,'label_show','Mostrar','es'),(1475,'label_hide','Ocultar','es'),(1476,'label_name','Nombre','es'),(1477,'table_empty','Sin resultados','es'),(1478,'table_not_empty','Se han encontrado <b>{0}</b> elementos','es'),(1479,'table_records','Registros','es'),(1480,'table_of','de','es'),(1481,'table_page','Página','es'),(1482,'table_pages','Páginas','es'),(1483,'table_export_current','Exportar vista','es'),(1484,'table_export_all','Exportar todo','es'),(1485,'disclaimer_delete','Está a punto de borrar el registro seleccionado. Esta acción no podrá ser deshecha. ¿Desea continuar?','es'),(1486,'disclaimer_delete_all','Está a punto de borrar todos los registros. Esta acción no podrá ser deshecha. ¿Desea continuar?','es'),(1487,'header_warning','ATENCIÓN','es'),(1488,'upload_file_select','Seleccionar','es'),(1489,'upload_file_upload','Subir','es'),(1490,'upload_file_cancel','Cancelar','es'),(1491,'upload_template_download','Desargue','es'),(1492,'upload_template_here','aquí','es'),(1493,'upload_template_template','la plantilla','es'),(1494,'tt_creation','Creación','es'),(1495,'tt_modification','Modificación','es'),(1496,'tt_sync','Sincronización','es'),(1497,'mpheader_confirmation','Confirmación','es'),(1498,'weekday_sunday','Domingo','es'),(1499,'weekday_monday','Lunes','es'),(1500,'weekday_tuesday','Martes','es'),(1501,'weekday_wednesday','Miércoles','es'),(1502,'weekday_thursday','Jueves','es'),(1503,'weekday_friday','Viernes','es'),(1504,'weekday_saturday','Sábado','es'),(1505,'period_hour','Hora','es'),(1506,'period_day','Día','es'),(1507,'period_week','Semana','es'),(1508,'period_month','Mes','es'),(1509,'period_year','Año','es'),(1510,'period_seconds_ago','Segundos atrás','es'),(1511,'period_minutes_ago','Minutos atrás','es'),(1512,'period_hours_ago','Horas atrás','es'),(1513,'period_days_ago','Días atrás','es'),(1514,'period_weeks_ago','Semanas atrás','es'),(1515,'period_months_ago','Meses atrás','es'),(1516,'period_years_ago','Años atrás','es'),(1517,'period_seconds_from','Segundos adelante','es'),(1518,'period_minutes_from','Minutos adelante','es'),(1519,'period_hours_from','Horas adelante','es'),(1520,'period_days_from','Días adelante','es'),(1521,'period_weeks_from','Semanas adelante','es'),(1522,'period_months_from','Meses adelante','es'),(1523,'period_years_from','Años adelante','es'),(1524,'period_today','Hoy','es'),(1525,'period_this_week','Esta semana','es'),(1526,'period_this_month','Este mes','es'),(1527,'period_this_year','Este año','es'),(1528,'period_day_far','El día hasta ahora','es'),(1529,'period_week_date','Semana hasta la fecha','es'),(1530,'period_month_date','Mes hasta la fecha','es'),(1531,'period_year_date','Año hasta la fecha','es'),(1532,'period_yesterday','Ayer','es'),(1533,'period_day_before','Día antes de ayer','es'),(1534,'period_day_week','Este día la semana pasada','es'),(1535,'period_previous_week','Semana anterior','es'),(1536,'period_previous_month','Mes anterior','es'),(1537,'period_previous_year','Año anterior','es'),(1538,'period_15_min','Últimos 15 minutos','es'),(1539,'period_30_min','Últimos 30 minutos','es'),(1540,'period_1_hour','Última hora','es'),(1541,'period_4_hour','Últimas 4 horas','es'),(1542,'period_12_hour','Últimas 12 horas','es'),(1543,'period_24_hour','Últimas 24 horas','es'),(1544,'period_7_day','Últimos 7 días','es'),(1545,'period_30_day','Últimos 30 días','es'),(1546,'period_60_day','Últimos 60 días','es'),(1547,'period_90_day','Últimos 90 días','es'),(1548,'period_6_month','Últimos 6 meses','es'),(1549,'period_1_year','Último año','es'),(1550,'period_2_year','Últimos 2 años','es'),(1551,'period_5_year','Últimos 5 años','es'),(1552,'period_seconds_five','5 segundos','es'),(1553,'period_seconds_ten','10 segundos','es'),(1554,'period_seconds_thirty','30 segundos','es'),(1555,'period_seconds_fortyfive','45 segundos','es'),(1556,'period_minutes_one','1 minuto','es'),(1557,'period_minutes_five','5 minutos','es'),(1558,'period_minutes_fifteen','15 minutos','es'),(1559,'period_minutes_thirty','30 minutos','es'),(1560,'period_hours_one','1 hora','es'),(1561,'period_hours_two','2 horas','es'),(1562,'period_hours_twelve','12 horas','es'),(1563,'period_hours_twentyfour','24 horas','es'),(1564,'period_from','Desde:','es'),(1565,'period_to','Hasta:','es'),(1566,'error_sessionTimeOut_header','Sesión caducada','es'),(1567,'error_sessionTimeOut_text','La sesión ha caducado, por favor, pulse sobre el botón para volver al inicio.','es'),(1568,'validator_notempty ','El campo no puede estar vacío','es'),(1569,'validator_notempty','El campo no puede estar vacío','es'),(1570,'validator_positive','El campo debe ser un número mayor que cero','es'),(1571,'default_error_title','Error','es'),(1572,'default_error_desc','Error en la operación','es'),(1573,'401_error_title','Acceso denegado','es'),(1574,'general_operationerror','Error al realizar la operación','es'),(1575,'401_error_desc','No está autorizado para acceder a este recurso','es'),(1576,'license_dateExpired','Su licencia ha caducado','es'),(1577,'license_dateCloseToExpire','Su licencia está próxima a caducar','es'),(1578,'license_cpeThreshold','El número de dispositivos inventariados excede el contratado en la licencia','es'),(1579,'license_cpeThresholdLess10','El número de dispositivos inventariados está próximo al contratado en la licencia','es'),(1580,'license_ipChanged','La dirección IP del servidor asociada a la licencia ha cambiado','es'),(1581,'license_pattern','La licencia tiene un patrón inválido','es'),(1582,'license_update','Póngase en contacto con Bluu para Actualizar la Licencia','es'),(1583,'login_user_required','Usuario: Valor requerido.','es'),(1584,'login_passwd_required','Contraseñ: Valor requerido.','es'),(1585,'login_error','Usuario incorrecto','es'),(1586,'users_username_required','Valor de usuario requerido','es'),(1587,'users_passwd_required','Valor de contraseña requerido','es'),(1588,'users_passwdconf_required','Valor de confirmación de contraseña requerido','es'),(1589,'users_passwd_different','La contraseña y su confirmación no coinciden','es'),(1590,'users_role_required','Valor de rol requerido','es'),(1591,'users_username_exits','Ya existe el usuario introducido','es'),(1592,'users_add_ok','Usuario dado de alta','es'),(1593,'users_add_ok_log','Usuario {0} dado de alta por {1}','es'),(1594,'users_delete_ok','Usuario eliminado','es'),(1595,'users_delete_ok_log','Usuario {0} eliminado por {1}','es'),(1596,'users_update_ok','Usuario modificado','es'),(1597,'users_update_ok_log','Usuario {0} modificado por {1}','es'),(1598,'users_profile_ok','Modificado el perfil del usuario','es'),(1599,'users_profile_ok_log','Usuario {0} ha modificado su perfil','es'),(1600,'roles_nameexits','El nombre ya esta en uso','es'),(1601,'roles_creation_namerequired','Debes introducir el nombre del rol','es'),(1602,'roles_creation_homepagerequired','Debes introducir la página de inicio','es'),(1603,'roles_creation_success','Rol creado con Éxito','es'),(1604,'roles_edit_success','Rol actualizado con Éxito','es'),(1605,'roles_admin_fail_homepagepermission','El permiso pertenece a la rama de permisos de la página de inicio','es'),(1606,'roles_delete_disclaim','¿Estás seguro de qué quieres eliminar éste/estos rol/es? Los cambios no podrán deshacerse','es'),(1607,'roles_delete_success','Rol {0} borrado con Éxito.','es'),(1608,'roles_changes_success','Rol {0} actualizado con Éxito','es'),(1609,'roles_delete_fail_roleused','EL rol {0} esta asignado a un usuario','es'),(1610,'conndev_serviceId_required','Valor de Id de servicio requerido','es'),(1611,'conndev_label_required','Valor de Nombre de dispositivo requerido','es'),(1612,'conndev_type_required','Valor de Tipo de dispositivo requerido','es'),(1613,'conndev_identify_ok_log','Dispositivo {0} del servicio {1} identificado por {2}','es'),(1614,'conndev_update_ok_log','Dispositivo {0} del servicio {1} editado por {2}','es'),(1615,'conndev_delete_ok_log','Dispositivo {0} del servicio {1} eliminado por {2}','es'),(1616,'conndev_block_ok_log','Dispositivo {0} del servicio {1} bloqueado por {2}','es'),(1617,'conndev_unblock_ok_log','Dispositivo {0} del servicio {1} desbloqueado por {2}','es'),(1618,'conndev_mininit_required','Valor de hora de inicio requerido','es'),(1619,'conndev_minend_required','Valor de hora de fin requerido','es'),(1620,'logviewer_severity_required','Valor de gravedad requerido','es'),(1621,'logviewer_lines_required','Valor de número de líneas requerido','es'),(1622,'logviewer_error','No se ha podido descargar el fichero de log','es'),(1623,'confwifi_serviceId_required','Valor de Id. de servicio requerido','es'),(1624,'confwifi_serviceId_wologin_required','No se ha propocionado la informacion necesaria','es'),(1625,'confwifi_serviceId_wologin_method','No se ha realizado la petición mediante POST','es'),(1626,'confwifi_ssid_required','Valor de Red WiFi requerido','es'),(1627,'confwifi_channel_required','Valor de canal requerido','es'),(1628,'confwifi_enctype_required','Valor de seguridad requerido','es'),(1629,'confwifi_passwd_required','Valor de contraseña requerido','es'),(1630,'confwifi_agent_null','No dispone de interfaz WiFi','es'),(1631,'actexecutor_default_ok','La acción se ha ejecutado correctamente','es'),(1632,'actexecutor_default_ko','Se ha producido un error en la ejecución de la acción','es'),(1633,'actexecutor_executing','Ejecutando acción...','es'),(1634,'trb_serviceId_required','Valor de Id de servicio requerido','es'),(1635,'trb_serviceId_wologin_required','No se ha propocionado la información necesaria','es'),(1636,'trb_serviceId_wologin_method','No se ha realizado la petición mediante POST','es'),(1637,'trb_template_master_error','No existe la plantilla MASTER','es'),(1638,'trb_template_smartphone_error','No existe la plantilla smartphone','es'),(1639,'trb_template_front_error','No existe la plantilla FRONT','es'),(1640,'trb_template_ims_error','No existe la plantilla IMS','es'),(1641,'trb_template_radius_error','No existe la plantilla RADIUS','es'),(1642,'trb_template_dslam_error','No existe la plantilla DSLAM','es'),(1643,'trb_template_olt_error','No existe la plantilla OLT','es'),(1644,'trb_template_acs_error','No existe la plantilla ACS','es'),(1645,'trb_template_jira_error','No existe la plantilla JIRA','es'),(1646,'trb_template_ibercom_error','No existe la plantilla IBERCOM','es'),(1647,'trb_template_login_error','No existe la plantilla LOGIN','es'),(1648,'trb_topology_empty','Topología vacía','es'),(1649,'trb_history_loading_error','Error cargando el histórico del cliente','es'),(1650,'trb_session_problem','Problema con la sessión del diagnóstico','es'),(1651,'trb_block_errorunblocking','Error desbloqueando el dispositivo','es'),(1652,'trb_block_errorblocking','Error bloqueando el dispositivo','es'),(1653,'trb_block_unblocksuccess','Dispositivo {0} desbloqueado','es'),(1654,'trb_block_blocksuccess','Dispositivo {0} bloqueado','es'),(1655,'trball_notrunning','Schaman no está arrancado','es'),(1656,'trball_notactive','El módulo de Troubleshoot no está activo','es'),(1657,'trball_idValue_required','Valor de identificador requerido','es'),(1658,'trball_idType_required','Valor de tipo de identificador requerido','es'),(1659,'trball_idType_notvalid','Tipo de identificador no válido','es'),(1660,'trball_session_close_required','Estado de cierre requerido','es'),(1661,'trb_linked_serviceId_notfound','No se ha encontrado el servicio','es'),(1662,'trb_linked_serviceId_notclient','No se ha encontrado ningún cliente asociado al servicio','es'),(1663,'trb_linked_device','No se ha seleccionado ningún dispositivo','es'),(1664,'trb_linked_devices_notfound','No se ha encontrado dispositivos asociados al servicio','es'),(1665,'trb_linked_notif_error','La notificación no se ha enviado','es'),(1666,'trb_linked_offlinecode_required','Código offline requerido','es'),(1667,'trb_linked_offlinecode_problem','Error cargando código offline','es'),(1668,'trb_linked_offlinecode_success','Código offline cargado con Éxito','es'),(1669,'obsrules_add_ok','Regla de obsolescencia creada','es'),(1670,'obsrules_add_ok_log','Regla de obsolescencia {0} creada por {1}','es'),(1671,'obsrules_edit_ok','Regla de obsolescencia modificada','es'),(1672,'obsrules_edit_ok_log','Regla de obsolescencia {0} modificada por {1}','es'),(1673,'obsrules_delete_ok','Regla de obsolescencia eliminada','es'),(1674,'obsrules_delete_ok_log','Regla de obsolescencia {0} eliminada por {1}','es'),(1675,'obsrules_position_required','El campo Posición es obligatorio','es'),(1676,'obsrules_position_min','La posición al menos debe ser 1','es'),(1677,'obsrules_position_max','La posición debe ser igual o menor a {0}','es'),(1678,'obsrules_sim_imsi_wildcard_repeated','El campo SIM IMSI tiene el caracter comodín repetido','es'),(1679,'obsrules_sim_imsi_wildcard_minlength','El campo SIM IMSI ha de tener algún caracter además del comodín','es'),(1680,'obsrules_sim_imsi_wildcard_position','El campo SIM IMSI tiene el caracter comodín en posición incorrecta','es'),(1681,'obsrules_dev_os_wildcard_repeated','El campo Sistema operativo tiene el caracter comodín repetido','es'),(1682,'obsrules_dev_os_wildcard_minlength','El campo Sistema operativo ha de tener algún caracter además del comodín','es'),(1683,'obsrules_dev_os_wildcard_position','El campo Sistema operativo tiene el caracter comodín en posición incorrecta','es'),(1684,'obsrules_dev_osversion_wildcard_repeated','El campo Versión SO tiene el caracter comodín repetido','es'),(1685,'obsrules_dev_osversion_wildcard_minlength','El campo Versión SO ha de tener algún caracter además del comodín','es'),(1686,'obsrules_dev_osversion_wildcard_position','El campo Versión SO tiene el caracter comodín en posición incorrecta','es'),(1687,'obsrules_dev_app_wildcard_repeated','El campo Aplicación tiene el caracter comodín repetido','es'),(1688,'obsrules_dev_app_wildcard_minlength','El campo Aplicación ha de tener algún caracter además del comodín','es'),(1689,'obsrules_dev_app_wildcard_position','El campo Aplicación tiene el caracter comodín en posición incorrecta','es'),(1690,'obsrules_dev_appversion_wildcard_repeated','El campo Versión App tiene el caracter comodín repetido','es'),(1691,'obsrules_dev_appversion_wildcard_minlength','El campo Versión App ha de tener algún caracter además del comodín','es'),(1692,'obsrules_dev_appversion_wildcard_position','El campo Versión App tiene el caracter comodín en posición incorrecta','es'),(1693,'obsrules_manufacturer_wildcard_repeated','El campo Fabricante tiene el caracter comodín repetido','es'),(1694,'obsrules_manufacturer_wildcard_minlength','El campo Fabricante ha de tener algún caracter además del comodín','es'),(1695,'obsrules_manufacturer_wildcard_position','El campo Fabricante tiene el caracter comodín en posición incorrecta','es'),(1696,'obsrules_model_wildcard_repeated','El campo Modelo tiene el caracter comodín repetido','es'),(1697,'obsrules_model_wildcard_minlength','El campo Modelo ha de tener algún caracter además del comodín','es'),(1698,'obsrules_model_wildcard_position','El campo Modelo tiene el caracter comodín en posición incorrecta','es'),(1699,'obsrules_status_required','El campo Estado es obligatorio','es'),(1700,'obsrules_sim_imsi_required','El campo SIM IMSI debe ser rellenado (se ha rellenado su operador)','es'),(1701,'obsrules_sim_imsi_oper_required','El campo Operador para SIM IMSI debe ser rellenado (se ha rellenado su valor)','es'),(1702,'obsrules_sim_imsi_regexp','El campo SIM IMSI contiene caracteres no válidos','es'),(1703,'obsrules_os_required','El campo Sist Operativo debe ser rellenado (se ha rellenado su operador)','es'),(1704,'obsrules_os_oper_required','El campo Operador para Sist Operativo debe ser rellenado (se ha rellenado su valor)','es'),(1705,'obsrules_os_oper_regexp','El campo Sist Operativo contiene caracteres no válidos','es'),(1706,'obsrules_osversion_required','El campo Versión SO debe ser rellenado (se ha rellenado su operador)','es'),(1707,'obsrules_osversion_oper_required','El campo Operador para Versión SO debe ser rellenado (se ha rellenado su valor)','es'),(1708,'obsrules_osversion_regexp','El campo Versión SO contiene caracteres no válidos','es'),(1709,'obsrules_osversion_regexp2','El campo Versión SO contiene caracteres no válidos (o no tiene el formato adecuado)','es'),(1710,'obsrules_osversion_pointend','El campo Versión SO no puede acabar en .','es'),(1711,'obsrules_osversion_pointend2','El campo Versión SO no puede acabar en . para ninguno de los extremos del rango','es'),(1712,'obsrules_app_required','El campo Aplicación debe ser rellenado (se ha rellenado su operador)','es'),(1713,'obsrules_app_oper_required','El campo Operador para Aplicación debe ser rellenado (se ha rellenado su valor)','es'),(1714,'obsrules_app_regexp','El campo Aplicación contiene caracteres no válidos','es'),(1715,'obsrules_appversion_required','El campo Versión App. debe ser rellenado (se ha rellenado su operador)','es'),(1716,'obsrules_appversion_oper_required','El campo Operador para Versión App debe ser rellenado (se ha rellenado su valor)','es'),(1717,'obsrules_appversion_regexp','El campo Versión App. contiene caracteres no válidos','es'),(1718,'obsrules_appversion_regexp2','El campo Versión App. contiene caracteres no válidos (o no tiene el formato adecuado)','es'),(1719,'obsrules_appversion_pointend','El campo Versión App. no puede acabar en .','es'),(1720,'obsrules_appversion_pointend2','El campo Versión App. no puede acabar en . para ninguno de los extremos del rango','es'),(1721,'obsrules_manufacturer_required','El campo Fabricante debe ser rellenado (se ha rellenado su operador)','es'),(1722,'obsrules_manufacturer_oper_required','El campo Operador para Fabricante debe ser rellenado (se ha rellenado su valor)','es'),(1723,'obsrules_manufacturer_regexp','El campo Fabricante contiene caracteres no válidos','es'),(1724,'obsrules_model_required','El campo Modelo debe ser rellenado (se ha rellenado su operador)','es'),(1725,'obsrules_model_oper_required','El campo Operador para Modelo debe ser rellenado (se ha rellenado su valor)','es'),(1726,'obsrules_model_regexp','El campo Modelo contiene caracteres no válidos','es'),(1727,'bbar_param_name_required','El campo Nombre es obligatorio','es'),(1728,'bbar_param_name_exits','Ya existe un parámetro con el mismo nombre','es'),(1729,'bbar_identifier_required','El campo Identificador es obligatorio','es'),(1730,'bbar_identifier_exits','No se permiten identificadores repetidos','es'),(1731,'bbar_position_required','El campo Posición es obligatorio','es'),(1732,'bbar_position_positive','El campo Posición debe ser un número mayor o igual a 1','es'),(1733,'bbar_position_exits_android_handset','No se permiten elemento en la misma posición (%d) dentro del mismo nivel (Plat: Android-Handset)','es'),(1734,'bbar_position_exits_android_tablet','No se permiten elemento en la misma posición (%d) dentro del mismo nivel (Plat: Android-Tablet)','es'),(1735,'bbar_position_exits_ios_handset','No se permiten elemento en la misma posición (%d) dentro del mismo nivel (Plat: iOS-Handset)','es'),(1736,'bbar_position_exits_ios_tablet','No se permiten elemento en la misma posición (%d) dentro del mismo nivel (Plat: iOS-Tablet)','es'),(1737,'bbar_position_exits_windows','No se permiten elemento en la misma posición (%d) dentro del mismo nivel (Plat: Windows)','es'),(1738,'bbar_position_exits_linux','No se permiten elemento en la misma posición (%d) dentro del mismo nivel (Plat: Linux)','es'),(1739,'bbar_position_exits_mac','No se permiten elemento en la misma posición (%d) dentro del mismo nivel (Plat: Mac Os X)','es'),(1740,'bbar_text_required','El campo Etiqueta es obligatorio','es'),(1741,'bbar_type_required','El campo Tipo es obligatorio','es'),(1742,'bbar_link_required','El campo Link es obligatorio','es'),(1743,'bbar_menu_cycle','No se puede asociar al menú indicado ya que ?te depende actualmente de ?l','es'),(1744,'bbar_icons_required','El campo Iconos es obligatorio','es'),(1745,'bbar_icons_name_notfound','No se han encontrado los siguientes iconos:','es'),(1746,'bbar_icons_name_notequals','El descripcion de los ficheros no es igual para todos los iconos','es'),(1747,'bbar_add_ok','Botonera dada de alta','es'),(1748,'bbar_add_ok_log','Botonera dada de alta por {0}','es'),(1749,'bbar_preview_select_empty','No ha seleccionado plataforma y/o pantalla','es'),(1750,'bbar_sync_url_required','El campo URL es obligatorio','es'),(1751,'bbar_sync_ok','Botonera sincronizada correctamente','es'),(1752,'bbar_sync_error','Error al sincronizar la botonera','es'),(1753,'client_client_required','Valor de usuario requerido','es'),(1754,'client_passwd_required','Valor de contraseña requerido','es'),(1755,'client_passwdconf_required','Valor de confirmación de contraseña requerido','es'),(1756,'client_passwd_different','La contraseña y su confirmación no coinciden','es'),(1757,'client_client_exits','Ya existe el cliente introducido','es'),(1758,'client_devices_exits','El cliente tiene dispositivos asociados','es'),(1759,'client_service_exits','El cliente está asignado en uno o varios servicios','es'),(1760,'client_add_ok','Cliente dado de alta','es'),(1761,'client_add_ok_log','Cliente {0} dado de alta por {1}','es'),(1762,'client_delete_ok','Cliente eliminado','es'),(1763,'client_delete_ok_log','Cliente {0} eliminado por {1}','es'),(1764,'client_update_ok','Cliente modificado','es'),(1765,'client_update_ok_log','Cliente {0} modificado por {1}','es'),(1766,'service_client_required','Valor de cliente requerido','es'),(1767,'service_service_required','Valor de servicio requerido','es'),(1768,'service_service_exits','Ya existe el servicio introducido','es'),(1769,'service_type_required','Valor de tipo requerido','es'),(1770,'service_description_required','Valor de descripción requerido','es'),(1771,'service_add_ok','Servicio dado de alta','es'),(1772,'service_add_ok_log','Servicio {0} dado de alta por {1}','es'),(1773,'service_delete_ok','Servicio eliminado','es'),(1774,'service_delete_ok_log','Servicio {0} eliminado por {1}','es'),(1775,'service_update_ok','Servicio modificado','es'),(1776,'service_update_ok_log','Servicio {0} modificado por {1}','es'),(1777,'device_device_required','Valor de dispositivo requerido','es'),(1778,'device_imsi_required','Valor de IMSI requerido','es'),(1779,'device_manufacturer_required','Valor de fabricante requerido','es'),(1780,'device_model_required','Valor de modelo requerido','es'),(1781,'device_system_required','Valor de sistema requerido','es'),(1782,'device_so_required','Valor de SO requerido','es'),(1783,'device_sover_required','Valor de SO ver. requerido','es'),(1784,'device_client_required','Valor de cliente requerido','es'),(1785,'device_service_required','Valor de servicio requerido','es'),(1786,'device_pushtoken_required','Valor de PT requerido','es'),(1787,'device_device_exits','Ya existe el dispositivo introducido','es'),(1788,'device_add_ok','Dispositivo dado de alta','es'),(1789,'device_add_ok_log','Dispositivo {0} dado de alta por {1}','es'),(1790,'device_delete_ok','Dispositivo eliminado','es'),(1791,'device_delete_ok_log','Dispositivo {0} eliminado por {1}','es'),(1792,'device_update_ok','Dispositivo modificado','es'),(1793,'device_update_ok_log','Dispositivo {0} modificado por {1}','es'),(1794,'manufacturer_manufacturer_required','Valor de fabricante requerido','es'),(1795,'manufacturer_numcpes_required','Valor de n° de cpes requerido','es'),(1796,'manufacturer_add_ok','Fabricante dado de alta','es'),(1797,'manufacturer_add_ok_log','Fabricante {0} dado de alta por {1}','es'),(1798,'manufacturer_delete_ok','Fabricante eliminado','es'),(1799,'manufacturer_delete_ok_log','Fabricante {0} eliminado por {1}','es'),(1800,'manufacturer_update_ok','Fabricante modificado','es'),(1801,'manufacturer_update_ok_log','Fabricante {0} modificado por {1}','es'),(1802,'model_manufacturer_required','Valor de fabricante requerido','es'),(1803,'model_model_required','Valor de modelo requerido','es'),(1804,'model_numcpes_required','Valor de n° de cpes requerido','es'),(1805,'model_add_ok','Modelo dado de alta','es'),(1806,'model_add_ok_log','Modelo {0} dado de alta por {1}','es'),(1807,'model_delete_ok','Modelo eliminado','es'),(1808,'model_delete_ok_log','Modelo {0} eliminado por {1}','es'),(1809,'model_update_ok','Modelo modificado','es'),(1810,'model_update_ok_log','Modelo {0} modificado por {1}','es'),(1811,'cpe_reinvent_exist','No se hay elementos para reinventariar','es'),(1812,'cpe_cwmp_par_required','Parámetro requerido','es'),(1813,'cpe_cwmp_val_required','Valor requerido','es'),(1814,'cpe_reinvent_ok','Reinventariado ejectuado correctamente','es'),(1815,'cpe_add_ok','Modelo dado de alta','es'),(1816,'cpe_reinvent_ok_log','Modelo {0} dado de alta por {1}','es'),(1817,'cpe_add_ok_log','Reinventariado ejectuado correctamente por {0}','es'),(1818,'cpe_delete_ok','Modelo eliminado','es'),(1819,'cpe_delete_ok_log','Modelo {0} eliminado por {1}','es'),(1820,'cpe_update_ok','Modelo modificado','es'),(1821,'cpe_update_ok_log','Modelo {0} modificado por {1}','es'),(1822,'access_hostname_required','Valor de equipo requerido','es'),(1823,'access_provisiongroup_required','Valor de grupo de provisión requerido','es'),(1824,'access_zone_required','Valor de zona requerido','es'),(1825,'access_subzone_required','Valor de subzona requerido','es'),(1826,'access_node_required','Valor de nodo requerido','es'),(1827,'access_ipaddress_required','Valor de dirección IP requerido:','es'),(1828,'access_giaddress_required','Valor de giaddress requerido:','es'),(1829,'access_accesstype_required','Valor de tipo requerido','es'),(1830,'access_numcpes_required','Valor de n° de cpes requerido','es'),(1831,'access_hostname_exits','Ya existe el equipo introducido','es'),(1832,'access_ipaddress_exits','Ya existe la dirección IP introducido','es'),(1833,'access_giaddress_exits','Ya existe la giaddress introducida: {0}','es'),(1834,'access_add_ok','Equipo de acceso dado de alta','es'),(1835,'access_add_ok_log','Equipo de acceso {0} dado de alta por {1}','es'),(1836,'access_delete_ok','Equipo de acceso eliminado','es'),(1837,'access_delete_ok_log','Equipo de acceso {0} eliminado por {1}','es'),(1838,'access_update_ok','Equipo de acceso modificado','es'),(1839,'access_update_ok_log','Equipo de acceso {0} modificado por {1}','es'),(1840,'access_upload_add','{0} equipos de acceso dado de alta','es'),(1841,'access_upload_update','{0} equipos de acceso modificados','es'),(1842,'access_upload_error','{0} equipos de acceso erroneos','es'),(1843,'access_upload_line','La linea {0} no presenta el formato esperado','es'),(1844,'firmware_manufacturer_required','Valor de fabricante requerido','es'),(1845,'firmware_provisiongroup_required','Valor de grupo de provisión requerido','es'),(1846,'firmware_model_required','Valor de modelo requerido','es'),(1847,'firmware_firmware_required','Valor de firmware requerido','es'),(1848,'firmware_node_required','Valor de nodo requerido','es'),(1849,'firmware_numcpes_required','Valor de n° de cpes requerido','es'),(1850,'firmware_manufacturer_exits','Ya existe el fabricante introducido','es'),(1851,'firmware_model_exits','Ya existe el modelo introducido','es'),(1852,'firmware_firmware_exits','Ya existe el firmware introducido','es'),(1853,'firmware_giaddress_exits','Ya existe el giaddress {0} en un equipo distinto al especificado','es'),(1854,'firmware_add_ok','Equipo de acceso dado de alta','es'),(1855,'firmware_add_ok_log','Equipo de acceso {0} dado de alta por {1}','es'),(1856,'firmware_delete_ok','Equipo de acceso eliminado','es'),(1857,'firmware_delete_ok_log','Equipo de acceso {0} eliminado por {1}','es'),(1858,'firmware_update_ok','Equipo de acceso modificado','es'),(1859,'firmware_update_ok_log','Equipo de acceso {0} modificado por {1}','es'),(1860,'firmware_upload_add','{0} equipos de acceso dado de alta','es'),(1861,'firmware_upload_update','{0} equipos de acceso modificados','es'),(1862,'firmware_upload_error','{0} equipos de acceso erroneos','es'),(1863,'firmwareFile_manufacturer_required','Valor de fabricante requerido','es'),(1864,'firmwareFile_name_required','Valor de grupo de nombre requerido','es'),(1865,'firmwareFile_description_required','Valor de fichero requerido','es'),(1866,'firmwareFile_firmware_required','Valor de firmware requerido','es'),(1867,'firmwareFile_model_required','Valor de modelo requerido','es'),(1868,'firmwareFile_numcpes_required','Valor de n° de cpes requerido','es'),(1869,'firmwareFile_manufacturer_exits','Ya existe el fabricante introducido','es'),(1870,'firmwareFile_model_exits','Ya existe el modelo introducido','es'),(1871,'firmwareFile_firmware_exits','Ya existe el firmware introducido','es'),(1872,'firmwareFile_name_exits','Ya existe el nombre introducido','es'),(1873,'firmwareFile_description_exits','Ya existe el fichero introducido','es'),(1874,'firmwareFile_add_ok','Equipo de acceso dado de alta','es'),(1875,'firmwareFile_add_ok_log','Equipo de acceso {0} dado de alta por {1}','es'),(1876,'firmwareFile_delete_ok','Equipo de acceso eliminado','es'),(1877,'firmwareFile_delete_ok_log','Equipo de acceso {0} eliminado por {1}','es'),(1878,'firmwareFile_update_ok','Equipo de acceso modificado','es'),(1879,'firmwareFile_update_ok_log','Equipo de acceso {0} modificado por {1}','es'),(1880,'firmwareFile_upload_add','{0} equipos de acceso dado de alta','es'),(1881,'firmwareFile_upload_update','{0} equipos de acceso modificados','es'),(1882,'firmwareFile_upload_error','{0} equipos de acceso erroneos','es'),(1883,'firmwareFile_edit_manufacturererror','No se encuentra fabricante','es'),(1884,'firmwareFile_upload_file_exist','El Fichero No Existe o su Tamaño es 0','es'),(1885,'firmwareFile_upload_dir_exist','El Directorio Local No Existe','es'),(1886,'firmwareFile_download_exist','El fichero no existe','es'),(1887,'tutorial_name_required','Valor de fichero requerido','es'),(1888,'tutorial_name_limit','El nombre excede el tamaño máximo permitido','es'),(1889,'tutorial_add_ok','Tutorial dado de alta','es'),(1890,'tutorial_add_ok_log','Tutorial {0} dado de alta por {1}','es'),(1891,'tutorial_delete_ok','Tutorial eliminado','es'),(1892,'tutorial_delete_ok_log','Tutorial {0} eliminado por {1}','es'),(1893,'tutorial_update_ok','Tutorial modificado','es'),(1894,'tutorial_update_ok_log','Tutorial {0} modificado por {1}','es'),(1895,'tutorial_upload_file_exist','El Fichero No Existe o su Tamaño es 0','es'),(1896,'tutorial_upload_error','Error al subir el tutorial {0}','es'),(1897,'tutorial_download_exist','El fichero no existe','es'),(1898,'tutorial_blank_buttonlabel','El botón {0} de la página con id {1} no tiene atributo label o está vació','es'),(1899,'tutorial_blank_buttonaction','El botón {0} de la página con id {1} no tiene atributo action o está vació','es'),(1900,'tutorial_blank_buttonvalue','El botón {0} de la página con id {1} no tiene atributo value o está vació','es'),(1901,'tutorial_alert_email','Se va proceder a enviar un email a la dirección','es'),(1902,'tutorial_alert_phone','Se va proceder a enviar un email a la dirección','es'),(1903,'tutorial_alert_action','Se va proceder a ejecutar la acción con id {0} y role {1}','es'),(1904,'tutorial_value_notfound','No se encuentra el atributo value en el botón {0} de la página con id {1}','es'),(1905,'tutorial_value_notexist','El atributo value en el botón {0} de la página con id {1} no existe o no es un número positivo','es'),(1906,'tutorial_attribute_notexist','El atributo value en el botón {0} de la página con id {1} no tiene atributo value o está vació','es'),(1907,'tutorial_action_notexist','El atributo value en el botón {0} de la página con id {1} tiene definido un action no válido','es'),(1908,'tutorial_notselected','No Hay Tutorial Seleccionado','es'),(1909,'tutorial_leftbutton_repeated','Existe más de un botón \"left\" en la página con id {0}','es'),(1910,'tutorial_rightbutton_repeated','Existe más de un botón \"right\" en la página con id {0}','es'),(1911,'tutorial_centerbutton_repeated','Existe más de un botón \"center\" en la página con id {0}','es'),(1912,'tutorial_body_notfound','No se encuentra la etiqueta BODY','es'),(1913,'tutorial_page_notexist','No existe página con id {0} o hay mas de una con dicho id','es'),(1914,'tutorial_notload','<h1>Error: No se ha podido cargar el tutorial</h1><br/><p>{0}</p>','es'),(1915,'tutorial_disclaimer_deletepage','Esta acción no podrá deshacerse. ¿Estás seguro de que quieres borrar esta página?','es'),(1916,'tutorial_create_namerequired','Debes indicar el nombre','es'),(1917,'tutorial_edit_pageid_exists','El ID de la página ya está en uso','es'),(1918,'tutorial_edit_pageid_equals1','La página 1 no puede ser eliminada','es'),(1919,'tutorial_edit_pageid_noempty','Debes introducir un ID','es'),(1920,'tutorial_edit_tutorialid_exists','El nombre del tutorial ya está en uso','es'),(1921,'tutorial_edit_tutorialid_noempty','Debes introducir un nombre','es'),(1922,'tutorial_edit_labelrequired','Debes introducir un valor para etiqueta','es'),(1923,'tutorial_edit_actionrequired','Debes seleccionar una acción','es'),(1924,'tutorial_edit_deletebuttonineditor','Eliminar botón','es'),(1925,'tutorial_edit_disclaimdeletebutton','(El cambio no se guardará)','es'),(1926,'tutorial_edit_predisclaim','Los cambios en la página (contenido y botones) no se guardaran ¿Estas seguro de que quieres','es'),(1927,'tutorial_edit_disclaimchangepage','cambiar de página?','es'),(1928,'tutorial_edit_disclaimnewpage','crear una nueva página?','es'),(1929,'tutorial_edit_disclaimexiteditor','salir del editor?','es'),(1930,'tutorial_edit_image_toobig','La imagen pesa demasiado (máximo 1 MB)','es'),(1931,'tutorial_edit_image_invalidtype','Solo son válidos los formatos de imagen jpeg, png y gif','es'),(1932,'tutorial_edit_pagesaved','Página guardada','es'),(1933,'tutorial_edit_contenttoobig','El tutorial excede los 32MB permitidos','es'),(1934,'multimedia_name_required','Valor de nombre requerido','es'),(1935,'multimedia_contenttype_required','Valor de tipo de contenido requerido','es'),(1936,'multimedia_name_exits','Ya existe el nombre introducido','es'),(1937,'multimedia_name_limit','El nombre excede el tamaño máximo permitido','es'),(1938,'multimedia_add_ok','Elemento dado de alta','es'),(1939,'multimedia_add_ok_log','Elemento {0} dado de alta por {1}','es'),(1940,'multimedia_delete_ok','Elemento eliminado','es'),(1941,'multimedia_delete_ok_log','Elemento {0} eliminado por {1}','es'),(1942,'multimedia_update_ok','Elemento modificado','es'),(1943,'multimedia_update_ok_log','Elemento {0} modificado por {1}','es'),(1944,'multimedia_upload_format','El fichero no presenta el formato esperado','es'),(1945,'multimedia_upload_file_exist','El Fichero No Existe o su Tamaño es 0','es'),(1946,'multimedia_upload_dir_exist','El Directorio Local No Existe','es'),(1947,'multimedia_download_exist','El fichero no existe','es'),(1948,'polinex_name_required','Valor de nombre requerido','es'),(1949,'polinex_type_required','Valor de tipo requerido','es'),(1950,'polinex_mac_required','Fichero de MACs requerido','es'),(1951,'polinex_name_exits','Ya existe el nombre introducido','es'),(1952,'polinex_type_exits','Ya existe el tipo introducido','es'),(1953,'polinex_add_ok','Listado de MACs dado de alta','es'),(1954,'polinex_add_ok_log','Listado de MACs {0} dado de alta por {1}','es'),(1955,'polinex_delete_ok','Listado de MACs eliminado','es'),(1956,'polinex_delete_ok_log','Listado de MACs {0} eliminado por {1}','es'),(1957,'polinex_update_ok','Listado de MACs modificado','es'),(1958,'polinex_update_ok_log','Listado de MACs {0} modificado por {1}','es'),(1959,'polinex_upload_format','El fichero no presenta el formato esperado','es'),(1960,'polinex_upload_exist','El Directorio Local No Existe, el Fichero No Existe o su Tamaño es 0','es'),(1961,'polinex_download_exist','El fichero no existe','es'),(1962,'template_name_required','Valor de fichero requerido','es'),(1963,'template_name_exits','Ya existe el fichero introducido','es'),(1964,'template_name_limit','El nombre excede el tamaño máximo permitido','es'),(1965,'template_add_ok','Plantilla dada de alta','es'),(1966,'template_add_ok_all','{0} plantillas dadas de alta','es'),(1967,'template_add_ok_log','Plantilla {0} dada de alta por {1}','es'),(1968,'template_delete_ok','Plantilla eliminada','es'),(1969,'template_delete_ok_all','{0} plantillas eliminadas','es'),(1970,'template_delete_ok_log','Plantilla {0} eliminada por {1}','es'),(1971,'template_update_ok','Plantilla modificada','es'),(1972,'template_update_ok_log','Plantilla {0} modificada por {1}','es'),(1973,'template_upload_format','El fichero no presenta el formato esperado','es'),(1974,'template_upload_error','Error en la carga de la plantilla. IntÉntelo de nuevo.','es'),(1975,'template_upload_file_exist','El Fichero No Existe o su Tamaño es 0','es'),(1976,'template_upload_dir_exist','El Directorio Local No Existe','es'),(1977,'template_download_exist','El fichero no existe','es'),(1978,'template_empty','No existen plantillas','es'),(1979,'scene_file_required','Valor de fichero requerido','es'),(1980,'scene_file_exits','Ya existe el fichero introducido','es'),(1981,'scene_file_limit','El nombre excede el tamaño máximo permitido','es'),(1982,'scene_file_format','{0} Formato invalido','es'),(1983,'scene_service_required','Valor de servicio requerido','es'),(1984,'scene_service_exits','Ya existe el servicio introducido','es'),(1985,'scene_service_limit','El nombre servicio el tamaño máximo permitido','es'),(1986,'scene_add_ok','Escenario dado de alta','es'),(1987,'scene_add_ok_all','{0} escenarios añdidos','es'),(1988,'scene_add_ok_log','Escenario {0} dado de alta por {1}','es'),(1989,'scene_delete_ok','Escenario eliminado','es'),(1990,'scene_delete_ok_all','{0} escenarios eliminadas','es'),(1991,'scene_delete_ok_log','Escenario {0} eliminado por {1}','es'),(1992,'scene_update_ok','Escenario modificado','es'),(1993,'scene_update_ok_log','Escenario {0} modificado por {1}','es'),(1994,'scene_upload_recoverscene','Problema recuperando el escenario','es'),(1995,'scene_reset_sueccess','Escenario reseteado','es'),(1996,'scene_reset_error','Error reseteando el escenario','es'),(1997,'scene_resetall_error','Error reseteando el escenario {0}','es'),(1998,'scene_resetall_successreport','{0} escenarios reseteados','es'),(1999,'scene_upload_format','El fichero no presenta el formato esperado','es'),(2000,'scene_upload_exist','El Directorio Local No Existe, el Fichero No Existe o su Tamaño es 0','es'),(2001,'scene_download_exist','El fichero no existe','es'),(2002,'polunitary_name_required','Valor de nombre requerido','es'),(2003,'polunitary_frwobjetive_required','Valor de firmware objetivo requerido','es'),(2004,'polunitary_mac_required','Valor de MAC requerido','es'),(2005,'polunitary_mac_format','Formato de MAC incorrecto','es'),(2006,'polunitary_name_exits','Ya existe el nombre introducido','es'),(2007,'polunitary_type_exits','Ya existe el tipo introducido','es'),(2008,'polunitary_add_ok','Política unitaria dada de alta','es'),(2009,'polunitary_add_ok_log','Política unitaria {0} dada de alta por {1}','es'),(2010,'polunitary_delete_ok','Política unitaria eliminada','es'),(2011,'polunitary_delete_ok_log','Política unitaria {0} eliminada por {1}','es'),(2012,'polunitary_update_ok','Política unitaria modificada','es'),(2013,'polunitary_update_ok_log','Política unitaria {0} modificado por {1}','es'),(2014,'polunitary_upgrade_ok','Proceso de actualización ejecutado correctamente','es'),(2015,'polunitary_upgrade_ok_log','El proceso {0} de actualización ha sido ejecutado correctamente por {1}','es'),(2016,'polunitary_identify_ok','Proceso de identificación ejecutado correctamente','es'),(2017,'polunitary_identify_ok_log','El proceso {0} de identificación ha sido ejecutado correctamente por {1}','es'),(2018,'polmassive_name_exits','Ya existe la política introducida','es'),(2019,'polmassive_name_required','Valor de política requerido','es'),(2020,'polmassive_state_required','Valor de estado requerido','es'),(2021,'polmassive_priority_required','Valor de prioridad requerido','es'),(2022,'polmassive_bydefault_required','Valor de valor por defecto requerido','es'),(2023,'polmassive_exception_required','Valor de excepción requerido','es'),(2024,'polmassive_mininit_required','Valor de inicio de ventana requerido','es'),(2025,'polmassive_minend_required','Valor de fin de ventana requerido','es'),(2026,'polmassive_manufacturer_required','Valor de fabricante requerido','es'),(2027,'polmassive_model_required','Valor de modelo requerido','es'),(2028,'polmassive_access_required','Valor de equipos de acceso requerido','es'),(2029,'polmassive_frworigin_required','Valor de versiones firmware iniciales requerido','es'),(2030,'polmassive_frwobjetive_required','Valor de fichero firmware objetivo requerido','es'),(2031,'polmassive_frwobjetivever_required','Valor de versión firmware objetivo requerido','es'),(2032,'polmassive_add_ok','Política masiva dada de alta','es'),(2033,'polmassive_add_ok_log','Política masiva {0} dada de alta por {1}','es'),(2034,'polmassive_delete_ok','Política masiva eliminada','es'),(2035,'polmassive_delete_ok_log','Política masiva {0} eliminada por {1}','es'),(2036,'polmassive_update_ok','Política masiva modificada','es'),(2037,'polmassive_update_ok_log','Política masiva {0} modificado por {1}','es'),(2038,'polmassive_changestate_active_ok','Política masiva activada','es'),(2039,'polmassive_changestate_inactive_ok','Política masiva desactivada','es'),(2040,'polmassive_changestate_active_ok_log','Política masiva {0} activada por {1}','es'),(2041,'polmassive_changestate_inactive_ok_log','Política masiva {0} desactivada por {1}','es'),(2042,'polbase_name_exits','Ya existe la política introducida','es'),(2043,'polbase_name_required','Valor de política requerido','es'),(2044,'polbase_state_required','Valor de estado requerido','es'),(2045,'polbase_priority_required','Valor de prioridad requerido','es'),(2046,'polbase_bydefault_required','Valor de valor por defecto requerido','es'),(2047,'polbase_exception_required','Valor de excepción requerido','es'),(2048,'polbase_mininit_required','Valor de inicio de ventana requerido','es'),(2049,'polbase_minend_required','Valor de fin de ventana requerido','es'),(2050,'polbase_manufacturer_required','Valor de fabricante requerido','es'),(2051,'polbase_model_required','Valor de modelo requerido','es'),(2052,'polbase_access_required','Valor de equipos de acceso requerido','es'),(2053,'polbase_frworigin_required','Valor de versiones firmware iniciales requerido','es'),(2054,'polbase_frwobjetive_required','Valor de fichero firmware objetivo requerido','es'),(2055,'polbase_frwobjetivever_required','Valor de versión firmware objetivo requerido','es'),(2056,'polbase_add_ok','Políticas base dada de alta','es'),(2057,'polbase_add_ok_log','Políticas base {0} dada de alta por {1}','es'),(2058,'polbase_delete_ok','Políticas base eliminada','es'),(2059,'polbase_delete_ok_log','Políticas base {0} eliminada por {1}','es'),(2060,'polbase_update_ok','Políticas base modificada','es'),(2061,'polbase_update_ok_log','Políticas base {0} modificado por {1}','es'),(2062,'polbase_changestate_active_ok','Políticas base activada','es'),(2063,'polbase_changestate_inactive_ok','Políticas base desactivada','es'),(2064,'polbase_changestate_active_ok_log','Políticas base {0} activada por {1}','es'),(2065,'polbase_changestate_inactive_ok_log','Políticas base {0} desactivada por {1}','es'),(2066,'server_license_error','Licencia Bloqueada. Schaman no puede Arrancar','es'),(2067,'server_upload_dir_exist','El directorio {0} no existe','es'),(2068,'server_upload_file_exist','El Fichero No Existe o su Tamaño es 0','es'),(2069,'sever_upload_format','Se espera un fichero con extensión .CSV o .CSV.GZ','es'),(2070,'sever_synchro_ok','El proceso de sincronización RDU a terminado.','es'),(2071,'configuration_update_error','El valor no se ha podido actualizar','es'),(2072,'configuration_update_license_error','La licencia introducida no es correcta','es'),(2073,'configuration_delete_exist','No se ha encontrado el archivo de configuración','es'),(2074,'configuration_missing','No se ha encontrado la configuración','es'),(2075,'debug_location_request','La petición se ha enviado','es'),(2076,'wmsg_start_required','Comienzo de la ventana requerido','es'),(2077,'wmsg_finish_required','Finalización de la ventana requerido','es'),(2078,'wmsg_message_required','Mensaje requerido','es'),(2079,'wmsg_type_required','Tipo de mensaje de aviso requerido','es'),(2080,'wmsg_start_before','El campo comienzo debe ser anterior al campo fin','es'),(2081,'wmsg_overlap','No se pueden solapar ventanas temporales','es'),(2082,'wmsg_msg_maxlen','El campo mensaje ha superado el tamaño máximo (1000)','es'),(2083,'wmsg_add_ok_log','Mensaje de aviso {0} creado por {1}','es'),(2084,'wmsg_add_ok','Mensaje de aviso creado','es'),(2085,'wmsg_edit_ok','Mensaje de aviso modificado','es'),(2086,'wmsg_edit_ok_log','Mensaje de aviso {0} modificado por {1}','es'),(2087,'wmsg_delete_ok','Mensaje de aviso eliminado','es'),(2088,'wmsg_delete_ok_log','Mensaje de aviso {0} eliminado por {1}','es'),(2089,'lookupfile_key_required','Valor de nombre requerido','es'),(2090,'lookupfile_content_required','Valor de contenido requerido','es'),(2091,'lookupfile_key_exits','Ya existe el nombre introducido','es'),(2092,'lookupfile_key_limit','El nombre excede el tamaño máximo permitido','es'),(2093,'lookupfile_add_ok','Fichero dado de alta','es'),(2094,'lookupfile_add_ok_log','Fichero {0} dado de alta por {1}','es'),(2095,'lookupfile_delete_ok','Fichero eliminado','es'),(2096,'lookupfile_delete_ok_log','Fichero {0} eliminado por {1}','es'),(2097,'lookupfile_update_ok','Fichero modificado','es'),(2098,'lookupfile_update_ok_log','Fichero {0} modificado por {1}','es'),(2099,'lookupfile_upload_file_exist','El Fichero No Existe o su Tamaño es 0','es'),(2100,'lookupfile_upload_dir_exist','El Directorio Local No Existe','es'),(2101,'lookupfile_download_exist','El fichero no existe','es'),(2102,'notif_error_invalidregistration','Token de registro no válido','es'),(2103,'notif_error_notregistered','Dispositivo no registrado','es'),(2104,'notif_error_missingregistration','Falta el token de registro','es'),(2105,'notif_error_invalidpackageName','Nombre de paquete no válido','es'),(2106,'notif_error_mismatchsenderid','El emisor no coincide','es'),(2107,'notif_error_unavailable','Tiempo de espera agotado','es'),(2108,'notif_error_internalservererror','Error de servidor interno','es'),(2109,'notif_error_invalidapnscredential','Credenciales de APN no válidas','es'),(2110,'notif_error_badrequest','Solicitud incorrecta','es'),(2111,'dashboard_filter_dateIni_required','Fecha inicial requerida','es'),(2112,'dashboard_filter_dateEnd_required','Fecha final requerida','es'),(2113,'polproactive_add_ok','Política proactiva dada de alta','es'),(2114,'polproactive_add_ok_log','Política proactiva {0} dada de alta por {1}','es'),(2115,'polproactive_delete_ok','Política proactiva eliminada','es'),(2116,'polproactive_delete_ok_log','Política proactiva {0} eliminada por {1}','es'),(2117,'polproactive_update_ok','Política proactivae modificada','es'),(2118,'polproactive_update_ok_log','Política proactiva {0} modificado por {1}','es'),(2119,'polproactive_name_required','Valor de nombre requerido','es'),(2120,'polproactive_name_exist','El nombre introducido ya existe','es'),(2121,'polproactive_triggertype_required','Valor de Tipo de Disparador requerido','es'),(2122,'polproactive_alarmId_required','Valor de Alarm Id requerido','es'),(2123,'polproactive_inputType_required','Valor de Input Type requerido','es'),(2124,'polproactive_inputValue_required','Valor de Input Value requerido','es'),(2125,'polproactive_ticketorigin_required','Valor de Origen del Ticket requerido','es'),(2126,'polproactive_currentstatus_required','Valor de Estado Actual requerido','es'),(2127,'polproactive_previousstatus_required','Valor de Estado Previo requerido','es'),(2128,'polproactive_delay_required','Valor de Retarde requerido','es'),(2129,'polproactive_policyId_required','Valor de Policy Id requerido','es'),(2130,'polproactive_executortype_required','Valor de Tipo de Ejecutor requerido','es'),(2131,'polproactive_notificatortype_required','Valor de Notificador requerido','es'),(2132,'polproactive_panelId_required','Valor de Panel ID requerido','es'),(2133,'polproactive_text_required','Valor de Texto requerido','es'),(2134,'polproactive_description_required','Valor de Description requerido','es'),(2135,'polproactive_logic_required','Valor de Logic requerido','es'),(2136,'polproactive_detail_required','Valor de Detalle requerido','es'),(2137,'polproactive_issue_required','Valor de Asunto requerido','es'),(2138,'polproactive_select_required','Valor de Selector requerido','es'),(2139,'polproactive_title_required','Valor de Título requerido','es'),(2140,'polproactive_message_required','Valor de Mensaje requerido','es'),(2141,'polproactive_deeplink_required','Valor de DeepLink requerido','es'),(2142,'polproactive_tag_required','Valor de TAG requerido','es'),(2143,'polproactive_schedule_required','Valor de Horario requerido','es'),(2144,'polproactive_dateini_required','Valor de Fecha de inicio requerido','es'),(2145,'polproactive_dateend_required','Valor de Fecha de fin requerido','es'),(2146,'polproactive_resources_required','Valor de Asignación de recursos (%) requerido','es'),(2147,'polproactive_weekdays_required','Valor de Días de la semana requerido','es'),(2148,'polproactive_starttime_required','Valor de Hora de inicio requerido','es'),(2149,'polproactive_endtime_required','Valor de Hora de fin requerido','es'),(2150,'polproactive_file_exist','Valor de fichero requerido','es'),(2151,'polproactive_time_before','La hora de inicio debe ser anterior a la hora de fin','es'),(2152,'polproactive_date_before','La fecha de inicio debe ser anterior a la fecha de fin','es'),(2153,'polproactive_notificators_exist','Debe registrar al menos un notificador','es'),(2154,'trb_template_login','No existe la plantilla LOGIN','es'),(2155,'service_client_exits','Ya existe el cliente introducido','es'),(2156,'scene_empty','No existen escenarios','es'),(2157,'polproactive_endtim_requirede','Valor de Hora de finalización requerido','es'),(2158,'users_table_firstname','Nombre','es'),(2159,'users_table_lastname','Apellidos','es'),(2160,'users_table_email','Correo','es'),(2161,'users_table_high_date','Fecha Alta','es'),(2162,'users_table_low_date','Fecha Baja','es'),(2163,'users_table_active','Activo?','es'),(2164,'users_firstname','Nombre','es'),(2165,'users_lastname','Apellidos','es'),(2166,'users_email','Correo','es'),(2167,'users_firstname_empty','El Nombre no puede estar vacío.','es'),(2168,'users_lastname_empty','Los Apellidos no pueden estar vacíos.','es'),(2169,'users_email_empty','El correo no puede estar vacío.','es'),(2170,'users_email_error_format','El correo no posee un formato correcto.','es'),(2171,'users_rol_not_select','Debe seleccionar un Rol','es'),(2172,'users_firstname_required','El Nombre es requerido','es'),(2173,'users_lastname_required','Los Apellidos son requeridos.','es'),(2174,'users_email_required','El Email es requerido.','es'),(2175,'roles_table_title','Listado de Roles','es'),(2176,'roles_table_name','Rol','es'),(2177,'roles_name_required','El Nombre es requerido','es'),(2178,'button_access','Accesos','es'),(2179,'roles_title_access','Accesos por Rol','es'),(2180,'roles_title_add','Alta de Rol','es'),(2181,'access_code','Código','es'),(2182,'access_description','Descripción','es'),(2183,'access_icon','Ícono','es'),(2184,'access_active','Activo?','es'),(2185,'access_code_required','Código requerido.','es'),(2186,'access_parent_required','Acceso Padre requerido.','es'),(2187,'access_description_required','Descripción requerida','es'),(2188,'access_table_title','Listado de Accesos','es'),(2189,'access_table_code','Código','es'),(2190,'access_table_description','Descripción','es'),(2191,'access_table_icon','Ícono','es'),(2192,'access_table_parent','Menú Padre','es'),(2193,'access_title','Lista de Accesos','es'),(2194,'access_title_detail','Detalle Acceso','es'),(2195,'access_title_edit','Editar Acceso','es'),(2196,'access_title_add','Agregar Acceso','es'),(2197,'access_parent','Menú Padre','es'),(2198,'access_code_empty','Código no puede estar vacío.','es'),(2199,'access_description_empty','Descripción no puede estar vacío.','es'),(2200,'access_creation_success','Acceso creado exitósamente.','es'),(2201,'access_nameexits','Código de acceso ya existe','es'),(2202,'access_edit_success','Acceso editado exitósamente.','es'),(2203,'access_delete_success','Acceso eliminado exitósamente.','es');
/*!40000 ALTER TABLE `message` ENABLE KEYS */;
UNLOCK TABLES;

--
-- Table structure for table `model`
--

DROP TABLE IF EXISTS `model`;
/*!40101 SET @saved_cs_client     = @@character_set_client */;
/*!40101 SET character_set_client = utf8 */;
CREATE TABLE `model` (
  `id` bigint(20) NOT NULL AUTO_INCREMENT,
  `if_firmware` bigint(20) DEFAULT NULL,
  `name` varchar(255) DEFAULT NULL,
  `id_manufacturer` bigint(20) DEFAULT NULL,
  PRIMARY KEY (`id`),
  KEY `FK6sh2qkhyirb71nyxn71xyxjm8` (`id_manufacturer`),
  CONSTRAINT `FK6sh2qkhyirb71nyxn71xyxjm8` FOREIGN KEY (`id_manufacturer`) REFERENCES `manufacturer` (`id`)
) ENGINE=InnoDB DEFAULT CHARSET=utf8;
/*!40101 SET character_set_client = @saved_cs_client */;

--
-- Dumping data for table `model`
--

LOCK TABLES `model` WRITE;
/*!40000 ALTER TABLE `model` DISABLE KEYS */;
/*!40000 ALTER TABLE `model` ENABLE KEYS */;
UNLOCK TABLES;

--
-- Table structure for table `role`
--

DROP TABLE IF EXISTS `role`;
/*!40101 SET @saved_cs_client     = @@character_set_client */;
/*!40101 SET character_set_client = utf8 */;
CREATE TABLE `role` (
  `id` bigint(20) NOT NULL AUTO_INCREMENT,
  `name` varchar(255) DEFAULT NULL,
  PRIMARY KEY (`id`)
) ENGINE=InnoDB AUTO_INCREMENT=10 DEFAULT CHARSET=utf8;
/*!40101 SET character_set_client = @saved_cs_client */;

--
-- Dumping data for table `role`
--

LOCK TABLES `role` WRITE;
/*!40000 ALTER TABLE `role` DISABLE KEYS */;
INSERT INTO `role` VALUES (1,'ADMIN'),(4,'DBA'),(9,'CREW');
/*!40000 ALTER TABLE `role` ENABLE KEYS */;
UNLOCK TABLES;

--
-- Table structure for table `status_devices`
--

DROP TABLE IF EXISTS `status_devices`;
/*!40101 SET @saved_cs_client     = @@character_set_client */;
/*!40101 SET character_set_client = utf8 */;
CREATE TABLE `status_devices` (
  `id` bigint(20) NOT NULL AUTO_INCREMENT,
  `name` varchar(255) DEFAULT NULL,
  PRIMARY KEY (`id`)
) ENGINE=InnoDB DEFAULT CHARSET=utf8;
/*!40101 SET character_set_client = @saved_cs_client */;

--
-- Dumping data for table `status_devices`
--

LOCK TABLES `status_devices` WRITE;
/*!40000 ALTER TABLE `status_devices` DISABLE KEYS */;
/*!40000 ALTER TABLE `status_devices` ENABLE KEYS */;
UNLOCK TABLES;

--
-- Table structure for table `user`
--

DROP TABLE IF EXISTS `user`;
/*!40101 SET @saved_cs_client     = @@character_set_client */;
/*!40101 SET character_set_client = utf8 */;
CREATE TABLE `user` (
  `id` bigint(20) NOT NULL AUTO_INCREMENT,
  `active` int(11) DEFAULT NULL,
  `creation_date` date DEFAULT NULL,
  `email` varchar(255) DEFAULT NULL,
  `firstname` varchar(255) DEFAULT NULL,
  `high_date` date DEFAULT NULL,
  `lastname` varchar(255) DEFAULT NULL,
  `low_date` date DEFAULT NULL,
  `password` varchar(255) NOT NULL,
  `username` varchar(255) DEFAULT NULL,
  `id_role` bigint(20) DEFAULT NULL,
  PRIMARY KEY (`id`),
  KEY `FK6njoh3pti5jnlkowken3r8ttn` (`id_role`),
  CONSTRAINT `FK6njoh3pti5jnlkowken3r8ttn` FOREIGN KEY (`id_role`) REFERENCES `role` (`id`)
) ENGINE=InnoDB AUTO_INCREMENT=4 DEFAULT CHARSET=utf8;
/*!40101 SET character_set_client = @saved_cs_client */;

--
-- Dumping data for table `user`
--

LOCK TABLES `user` WRITE;
/*!40000 ALTER TABLE `user` DISABLE KEYS */;
INSERT INTO `user` VALUES (1,1,'2018-04-24','admin@admin.cl','Administrator',NULL,'System HDM',NULL,'$2a$16$Hj12reASapBD8b6mA5D83uZuO/pGcx7YE19OqK9ey2dcnxpcopbGC','admin',1),(3,0,'2018-04-23','gonzalo.torres@bluu.es','Gonzalo Ariel','2018-04-24','Torres Moya',NULL,'$2a$16$.fVSX2UIvRv0AAXvFujFjeLoO29IhB7QOQUkYzqiVZR9WFsw1gKz.','gtorres',9);
/*!40000 ALTER TABLE `user` ENABLE KEYS */;
UNLOCK TABLES;

--
-- Dumping routines for database 'hdm'
--
/*!50003 DROP PROCEDURE IF EXISTS `getAccessByRolId` */;
/*!50003 SET @saved_cs_client      = @@character_set_client */ ;
/*!50003 SET @saved_cs_results     = @@character_set_results */ ;
/*!50003 SET @saved_col_connection = @@collation_connection */ ;
/*!50003 SET character_set_client  = utf8 */ ;
/*!50003 SET character_set_results = utf8 */ ;
/*!50003 SET collation_connection  = utf8_general_ci */ ;
/*!50003 SET @saved_sql_mode       = @@sql_mode */ ;

DELIMITER ;;
CREATE DEFINER=`root`@`localhost` PROCEDURE `getAccessByRolId`(in pIdRole bigint(20))
BEGIN
	SELECT 
		a.id,
		a.code,
		a.description,
		a.icon,
        IFNULL(a.parent,0) AS parent,
        1 AS active
	FROM access a
	INNER JOIN access_role ar ON ar.id_access = a.id
	WHERE 
		ar.id_role = pIdRole AND 
        a.parent IS NULL
	ORDER BY a.id;
END ;;
DELIMITER ;
/*!50003 SET sql_mode              = @saved_sql_mode */ ;
/*!50003 SET character_set_client  = @saved_cs_client */ ;
/*!50003 SET character_set_results = @saved_cs_results */ ;
/*!50003 SET collation_connection  = @saved_col_connection */ ;
/*!50003 DROP PROCEDURE IF EXISTS `getAccessChild` */;
/*!50003 SET @saved_cs_client      = @@character_set_client */ ;
/*!50003 SET @saved_cs_results     = @@character_set_results */ ;
/*!50003 SET @saved_col_connection = @@collation_connection */ ;
/*!50003 SET character_set_client  = utf8 */ ;
/*!50003 SET character_set_results = utf8 */ ;
/*!50003 SET collation_connection  = utf8_general_ci */ ;
/*!50003 SET @saved_sql_mode       = @@sql_mode */ ;

DELIMITER ;;
CREATE DEFINER=`root`@`localhost` PROCEDURE `getAccessChild`(pIdRole bigint(20), pIdParent bigint(20))
BEGIN
	SELECT 
		a.id,
		a.code,
		a.description,
		a.icon,
        a.parent,
		1 active
	FROM access a 
	INNER JOIN access_role ar ON ar.id_access = a.id
	WHERE
		ar.id_role = pIdRole AND 
        a.parent = pIdParent
	UNION
	SELECT 
		id,
		code,
		description,
		icon,
        parent,
		0 active
	FROM access
	WHERE 
		parent = pIdParent AND 
        id not in(
			SELECT id_access 
			FROM access_role
			WHERE id_role = pIdRole
		)
	ORDER BY id;
END ;;
DELIMITER ;
/*!50003 SET sql_mode              = @saved_sql_mode */ ;
/*!50003 SET character_set_client  = @saved_cs_client */ ;
/*!50003 SET character_set_results = @saved_cs_results */ ;
/*!50003 SET collation_connection  = @saved_col_connection */ ;
/*!50003 DROP PROCEDURE IF EXISTS `getAccessChildByIdRol` */;
/*!50003 SET @saved_cs_client      = @@character_set_client */ ;
/*!50003 SET @saved_cs_results     = @@character_set_results */ ;
/*!50003 SET @saved_col_connection = @@collation_connection */ ;
/*!50003 SET character_set_client  = utf8 */ ;
/*!50003 SET character_set_results = utf8 */ ;
/*!50003 SET collation_connection  = utf8_general_ci */ ;
/*!50003 SET @saved_sql_mode       = @@sql_mode */ ;

DELIMITER ;;
CREATE DEFINER=`root`@`localhost` PROCEDURE `getAccessChildByIdRol`(pIdRole bigint(20), pIdParent bigint(20))
BEGIN
	SELECT 
		a.id,
		a.code,
		a.description,
		a.icon,
        a.parent,
        1 AS active
	FROM access a
	INNER JOIN access_role ar ON ar.id_access = a.id
	WHERE
		ar.id_role = pIdRole AND 
        a.parent = pIdParent
	ORDER BY a.id;
END ;;
DELIMITER ;
/*!50003 SET sql_mode              = @saved_sql_mode */ ;
/*!50003 SET character_set_client  = @saved_cs_client */ ;
/*!50003 SET character_set_results = @saved_cs_results */ ;
/*!50003 SET collation_connection  = @saved_col_connection */ ;
/*!50003 DROP PROCEDURE IF EXISTS `getAccessParent` */;
/*!50003 SET @saved_cs_client      = @@character_set_client */ ;
/*!50003 SET @saved_cs_results     = @@character_set_results */ ;
/*!50003 SET @saved_col_connection = @@collation_connection */ ;
/*!50003 SET character_set_client  = utf8 */ ;
/*!50003 SET character_set_results = utf8 */ ;
/*!50003 SET collation_connection  = utf8_general_ci */ ;
/*!50003 SET @saved_sql_mode       = @@sql_mode */ ;

DELIMITER ;;
CREATE DEFINER=`root`@`localhost` PROCEDURE `getAccessParent`(pIdRole bigint(20))
BEGIN
	SELECT 
		a.id,
		a.code,
		a.description,
		a.icon,
        a.parent,
		1 active 
	FROM access a
	INNER JOIN access_role ar ON ar.id_access = a.id
	WHERE 
		ar.id_role = pIdRole AND 
        a.parent IS NULL
	UNION
	SELECT 
		id,
		code,
		description,
		icon,
        parent,
		0 active
	FROM access
	WHERE 
		parent IS NULL AND
        id NOT IN(
		SELECT 
			id_access 
		FROM 
			access_role
		WHERE 
			id_role = pIdRole
    )
	ORDER BY id;	
END ;;
DELIMITER ;
/*!50003 SET sql_mode              = @saved_sql_mode */ ;
/*!50003 SET character_set_client  = @saved_cs_client */ ;
/*!50003 SET character_set_results = @saved_cs_results */ ;
/*!50003 SET collation_connection  = @saved_col_connection */ ;
/*!50003 DROP PROCEDURE IF EXISTS `getChildsParent` */;
/*!50003 SET @saved_cs_client      = @@character_set_client */ ;
/*!50003 SET @saved_cs_results     = @@character_set_results */ ;
/*!50003 SET @saved_col_connection = @@collation_connection */ ;
/*!50003 SET character_set_client  = utf8 */ ;
/*!50003 SET character_set_results = utf8 */ ;
/*!50003 SET collation_connection  = utf8_general_ci */ ;
/*!50003 SET @saved_sql_mode       = @@sql_mode */ ;

DELIMITER ;;
CREATE DEFINER=`root`@`localhost` PROCEDURE `getChildsParent`(IN pIdParent bigint(20))
BEGIN
	SELECT * -- id,description
    FROM access
    WHERE parent = pIdParent
    ORDER BY id;
END ;;
DELIMITER ;
/*!50003 SET sql_mode              = @saved_sql_mode */ ;
/*!50003 SET character_set_client  = @saved_cs_client */ ;
/*!50003 SET character_set_results = @saved_cs_results */ ;
/*!50003 SET collation_connection  = @saved_col_connection */ ;
/*!50003 DROP PROCEDURE IF EXISTS `getParents` */;
/*!50003 SET @saved_cs_client      = @@character_set_client */ ;
/*!50003 SET @saved_cs_results     = @@character_set_results */ ;
/*!50003 SET @saved_col_connection = @@collation_connection */ ;
/*!50003 SET character_set_client  = utf8 */ ;
/*!50003 SET character_set_results = utf8 */ ;
/*!50003 SET collation_connection  = utf8_general_ci */ ;
/*!50003 SET @saved_sql_mode       = @@sql_mode */ ;

DELIMITER ;;
CREATE DEFINER=`root`@`localhost` PROCEDURE `getParents`()
BEGIN
	SELECT * -- id,description
    FROM access
    WHERE parent IS NULL
    ORDER BY id;
END ;;
DELIMITER ;
/*!50003 SET sql_mode              = @saved_sql_mode */ ;
/*!50003 SET character_set_client  = @saved_cs_client */ ;
/*!50003 SET character_set_results = @saved_cs_results */ ;
/*!50003 SET collation_connection  = @saved_col_connection */ ;
/*!50003 DROP PROCEDURE IF EXISTS `setAccessToRol` */;
/*!50003 SET @saved_cs_client      = @@character_set_client */ ;
/*!50003 SET @saved_cs_results     = @@character_set_results */ ;
/*!50003 SET @saved_col_connection = @@collation_connection */ ;
/*!50003 SET character_set_client  = utf8 */ ;
/*!50003 SET character_set_results = utf8 */ ;
/*!50003 SET collation_connection  = utf8_general_ci */ ;
/*!50003 SET @saved_sql_mode       = @@sql_mode */ ;

DELIMITER ;;
CREATE DEFINER=`root`@`localhost` PROCEDURE `setAccessToRol`(IN pIdRol bigint(20), 
                                                             IN pIdAccess bigint(20), 
                                                             IN pIdParent bigint(20))
BEGIN
	DECLARE pExist INT DEFAULT 0;
    DECLARE pAux bigint(20);
	CASE pIdParent
		WHEN 0 THEN -- Accesso solo a un Hijo de su Padre
			SET pExist = (SELECT COUNT(*) AS cant FROM access_role WHERE id_role = pIdRol AND id_access = pIdAccess);
			IF pExist > 0 THEN
				DELETE FROM access_role
                WHERE 
					id_role = pIdRol AND 
					id_access = pIdAccess;
			ELSE
				SET pAux = (SELECT parent FROM access WHERE id = pIdAccess);            
				SET pExist = (SELECT COUNT(*) AS cant FROM access_role WHERE id_role = pIdRol AND id_access = pAux);
                IF pExist = 0 THEN
					INSERT INTO access_role
					SELECT id,pIdRol
					FROM access
					WHERE id = pAux;
                END IF;
				INSERT INTO access_role
				SELECT id,pIdRol
				FROM access
				WHERE id = pIdAccess;
			END IF;
		ELSE -- Acceso a Padre e Hijos			
            SET pExist = (
				SELECT COUNT(*)
				FROM (
						SELECT * 
						FROM access_role 
						WHERE 
							id_role = pIdRol AND 
							id_access IN(
								SELECT id 
								FROM access 
								WHERE parent = pIdParent)
						UNION
						SELECT * 
						FROM access_role 
						WHERE 
							id_role = pIdRol AND 
							id_access IN(
								SELECT id 
								FROM access 
								WHERE id = pIdParent) 
				) AS RESULT);
			IF pExist > 0 THEN
				DELETE FROM access_role
                WHERE 
					id_role = pIdRol AND 
					id_access IN(
						SELECT id 
						FROM access 
						WHERE parent = pIdParent
                        
                        UNION ALL
						
                        SELECT id 
						FROM access 
						WHERE id = pIdParent
					);
            ELSE
                INSERT INTO access_role(id_access, id_role)
				SELECT id,pIdRol
				FROM access
				WHERE id = pIdParent
                UNION 
				SELECT id,pIdRol
				FROM access
				WHERE parent = pIdParent;
            END IF;
	END CASE;
END ;;
DELIMITER ;
/*!50003 SET sql_mode              = @saved_sql_mode */ ;
/*!50003 SET character_set_client  = @saved_cs_client */ ;
/*!50003 SET character_set_results = @saved_cs_results */ ;
/*!50003 SET collation_connection  = @saved_col_connection */ ;
/*!40103 SET TIME_ZONE=@OLD_TIME_ZONE */;

/*!40101 SET SQL_MODE=@OLD_SQL_MODE */;
/*!40014 SET FOREIGN_KEY_CHECKS=@OLD_FOREIGN_KEY_CHECKS */;
/*!40014 SET UNIQUE_CHECKS=@OLD_UNIQUE_CHECKS */;
/*!40101 SET CHARACTER_SET_CLIENT=@OLD_CHARACTER_SET_CLIENT */;
/*!40101 SET CHARACTER_SET_RESULTS=@OLD_CHARACTER_SET_RESULTS */;
/*!40101 SET COLLATION_CONNECTION=@OLD_COLLATION_CONNECTION */;
/*!40111 SET SQL_NOTES=@OLD_SQL_NOTES */;

-- Dump completed on 2018-05-03 14:43:54
